Day,Treatment,Mesocosm,Species,abundance,biovolume
0,C,7,Aphanothece,714.173013333333,1060.5209200997
0,C,16,Aphanothece,1737.1776,2579.64548132359
0,C,10,Chlamydomonas,64.5508616393443,14614.1571322873
0,C,7,Chlamydomonas,35.3869511111111,8011.51914686663
0,C,16,Chlamydomonas,84.1274686792453,19046.2530661358
0,C,1,Chlamydomonas,46.7701661538462,10588.6511801244
0,C,7,Chroomonas,126.340189090909,5891.03987590249
0,C,10,Chroomonas,103.14492,4809.48177368602
0,C,16,Chroomonas,97.5994941935484,4550.90748477817
0,C,1,Chroomonas acuta,112.405609411765,6430.14184941409
0,C,16,Chrysochromulina parva,52.9140303448276,2766.35976307589
0,C,7,Chrysochromulina parva,53.4516184615385,2794.46501466012
0,C,1,Chrysochromulina parva,59.0413301960784,3086.69665018013
0,C,10,Chrysochromulina parva,49.5002219354839,2587.88493965164
0,C,1,Closterium,28.95296,3703.94952057571
0,C,7,Closterium,40.534144,5185.529328806
0,C,16,Closterium,28.95296,3703.94952057571
0,C,10,Closterium,33.0890971428571,4233.08516637224
0,C,1,Crucigenia tetrapedia,86.85888,39.4544935587765
0,C,7,Crucigenia tetrapedia,115.81184,52.6059914117021
0,C,16,Crucigenia tetrapedia,115.81184,52.6059914117021
0,C,10,Cryptomonas,34.743552,36777.2418168803
0,C,7,Cryptomonas,44.7454836363636,47364.6296126488
0,C,16,Cryptomonas,39.086496,41374.3970439903
0,C,1,Cryptomonas,40.0887138461538,42435.2790194772
0,C,1,Cyclotella,33.9882573913043,63011.7471330335
0,C,16,Cyclotella,33.4072615384615,61934.6232504175
0,C,7,Cyclotella,28.95296,53676.6734836952
0,C,10,Cyclotella,36.1912,67095.841854619
0,C,16,Desmodesmus,115.81184,6346.06410209122
0,C,1,Eudorina,636.96512,243131.82040257
0,C,1,Eunotia,28.95296,46032.9167506965
0,C,7,Eunotia,28.95296,46032.9167506965
0,C,10,Eunotia,28.95296,46032.9167506965
0,C,16,Frustulia,28.95296,730983.396012564
0,C,16,Golenkinia,28.95296,10803.0469311616
0,C,7,Golenkinia,28.95296,10803.0469311616
0,C,1,Kirchneriella lunaris,115.81184,3536.28165307358
0,C,1,Mallomonas,28.95296,14910.0031125141
0,C,7,Mallomonas,28.95296,14910.0031125141
0,C,16,Merismopedia,463.24736,703.249665870296
0,C,7,Monoraphidium contortum,31.7103847619048,1429.09888779526
0,C,1,Monoraphidium contortum,45.4975085714286,2050.44623031494
0,C,16,Monoraphidium contortum,33.9882573913043,1531.75627482025
0,C,10,Monoraphidium contortum,34.5567587096774,1557.37704883158
0,C,1,Navicula,28.95296,117244.242541393
0,C,7,Navicula,33.7784533333333,136784.949631625
0,C,16,Navicula,28.95296,117244.242541393
0,C,16,Pennate diatom,28.95296,NA
0,C,7,Pseudanabaena,193.019733333333,10377.7850020827
0,C,16,Pseudanabaena,361.912,19458.3468789051
0,C,16,Rhodomonas,38.096,9051.0431906829
0,C,7,Rhodomonas,36.1912,8598.49103114876
0,C,1,Rhodomonas,33.0890971428571,7861.47751419315
0,C,10,Rhodomonas,34.2171345454545,8129.48242944973
0,C,1,Scenedesmus,115.81184,36383.3625742716
0,C,7,Small dinoflagellate,34.2171345454545,48727.4460006647
0,C,16,Small dinoflagellate,38.6039466666667,54974.5544622884
0,C,10,Small dinoflagellate,34.743552,49477.0990160596
0,C,1,Small dinoflagellate,31.848256,45354.007431388
0,C,7,Synedra,34.743552,225427.780677635
0,C,10,Synedra,40.0887138461538,260108.977704963
0,C,16,Synedra,47.5655771428571,308621.366403905
0,C,1,Synedra,36.1912,234820.604872536
0,C,7,Synura,636.96512,15855.0240492601
0,D,2,Aphanothece,1480.73709714286,2198.84067217583
0,D,8,Asteroccoccus,115.81184,66976.8577629358
0,D,13,Chlamydomonas,75.8767227586207,17178.3043776074
0,D,11,Chlamydomonas,62.5120727272727,14152.580311097
0,D,8,Chlamydomonas,39.2933028571429,8895.90762411814
0,D,2,Chlamydomonas,53.7697828571429,12173.347275109
0,D,2,Chroomonas,111.979830588235,5221.43944883146
0,D,8,Chroomonas,88.6460997530864,4133.42509811265
0,D,11,Chroomonas,98.6079072463768,4597.92816401206
0,D,13,Chroomonas,121.405025454545,5660.92113075005
0,D,2,Chrysochromulina parva,54.6889244444444,2859.15170481429
0,D,8,Chrysochromulina parva,53.5191078787879,2797.99337957762
0,D,11,Chrysochromulina parva,60.1330707692308,3143.77314149263
0,D,13,Chrysochromulina parva,52.3380430769231,2736.24699352136
0,D,11,Closterium,32.1699555555556,4115.49946730635
0,D,2,Closterium,31.5850472727273,4040.67220426442
0,D,8,Closterium,33.7784533333333,4321.27444067167
0,D,13,Closterium,28.95296,3703.94952057571
0,D,13,Coenochloris,115.81184,25582.0518100348
0,D,8,Cryptomonas,36.8492218181818,39006.1655633579
0,D,11,Cryptomonas,43.42944,45971.5522711003
0,D,2,Cryptomonas,38.6039466666667,40863.6020187559
0,D,13,Cryptomonas,48.85812,51717.9963049879
0,D,13,Cyclotella,33.0890971428571,61344.7696956517
0,D,8,Cyclotella,28.95296,53676.6734836952
0,D,11,Cyclotella,31.3657066666667,58149.7296073365
0,D,2,Cyclotella,35.2470817391304,65345.5155453681
0,D,2,Eudorina,231.62368,88411.5710554801
0,D,13,Eunotia,28.95296,46032.9167506965
0,D,8,Eunotia,57.90592,92065.8335013929
0,D,2,Eunotia,28.95296,46032.9167506965
0,D,11,Eunotia,28.95296,46032.9167506965
0,D,8,Golenkinia,28.95296,10803.0469311616
0,D,13,Golenkinia,28.95296,10803.0469311616
0,D,2,Golenkinia,28.95296,10803.0469311616
0,D,2,Mallomonas,28.95296,14910.0031125141
0,D,2,Monoraphidium contortum,38.6039466666667,1739.7725590551
0,D,8,Monoraphidium contortum,36.6737493333333,1652.78393110234
0,D,13,Monoraphidium contortum,38.90554,1753.36453217272
0,D,11,Monoraphidium contortum,36.1912,1631.03677411415
0,D,11,Navicula,36.1912,146555.303176741
0,D,13,Navicula,28.95296,117244.242541393
0,D,2,Navicula,28.95296,117244.242541393
0,D,8,Oocystis,115.81184,23849.6848641102
0,D,11,Pseudanabaena,347.43552,18680.0130037489
0,D,8,Rhodomonas,44.7454836363636,10630.8616385112
0,D,11,Rhodomonas,39.2933028571429,9335.50454810437
0,D,13,Rhodomonas,37.3586580645161,8875.86170957291
0,D,2,Rhodomonas,42.8932740740741,10190.8041850652
0,D,8,Small dinoflagellate,34.2171345454545,48727.4460006647
0,D,11,Small dinoflagellate,43.42944,61846.3737700745
0,D,2,Small dinoflagellate,35.6344123076923,50745.7425805739
0,D,13,Small dinoflagellate,35.3869511111111,50393.341590431
0,D,2,Synedra,32.57208,211338.544385282
0,D,13,Synedra,28.95296,187856.483898029
0,D,8,Synedra,38.6039466666667,250475.311864039
0,D,11,Synedra,32.57208,211338.544385282
0,D,2,Synura,347.43552,8648.19493596003
0,E,6,Aphanothece,1061.60853333333,1576.45001636442
0,E,9,Aphanothece,636.96512,945.870009818652
0,E,15,Aphanothece,2895.296,4299.40913553932
0,E,15,Chlamydomonas,74.2503329032258,16810.093693792
0,E,9,Chlamydomonas,64.1506760784314,14523.5561004695
0,E,4,Chlamydomonas,43.42944,9832.31895297268
0,E,6,Chlamydomonas,38.6039466666667,8739.83906930905
0,E,9,Chroomonas,116.689202424242,5441.02988538216
0,E,6,Chroomonas,118.1280768,5508.12228396883
0,E,4,Chroomonas,98.8077206349206,4607.24514104146
0,E,15,Chroomonas,102.384380289855,4774.01902986784
0,E,15,Chrysochromulina parva,48.2549333333333,2522.7809160126
0,E,4,Chrysochromulina parva,57.0543623529412,2982.81743599137
0,E,9,Chrysochromulina parva,47.4506844444444,2480.73456741239
0,E,6,Chrysochromulina parva,50.8870206060606,2660.38714779511
0,E,4,Closterium,37.8615630769231,4843.62629613747
0,E,6,Closterium,45.0379377777778,5761.69925422889
0,E,15,Closterium,37.2252342857143,4762.22081216877
0,E,9,Closterium,39.4813090909091,5050.84025533052
0,E,15,Cryptomonas,49.6336457142857,52538.9168812575
0,E,9,Cryptomonas,36.1912,38309.6268925836
0,E,4,Cryptomonas,32.57208,34478.6642033253
0,E,6,Cryptomonas,35.1571657142857,37215.0661242241
0,E,6,Cyclotella,31.0210285714286,57510.7215896734
0,E,15,Cyclotella,31.1801107692308,57805.6483670564
0,E,9,Cyclotella,28.95296,53676.6734836952
0,E,4,Cyclotella,34.2171345454545,63436.0686625489
0,E,9,Desmodesmus,115.81184,6346.06410209122
0,E,15,Desmodesmus,115.81184,6346.06410209122
0,E,4,Eudorina,636.96512,243131.82040257
0,E,6,Eunotia,28.95296,46032.9167506965
0,E,15,Eunotia,28.95296,46032.9167506965
0,E,15,Golenkinia,28.95296,10803.0469311616
0,E,6,Golenkinia,28.95296,10803.0469311616
0,E,9,Golenkinia,28.95296,10803.0469311616
0,E,4,Golenkinia,28.95296,10803.0469311616
0,E,6,Mallomonas,28.95296,14910.0031125141
0,E,15,Merismopedia,173.71776,263.718624701361
0,E,15,Monoraphidium contortum,36.8492218181818,1660.69198818896
0,E,9,Monoraphidium contortum,30.2117843478261,1361.56113317355
0,E,6,Monoraphidium contortum,30.1593333333333,1359.19731176179
0,E,4,Monoraphidium contortum,43.42944,1957.24412893698
0,E,6,Navicula,28.95296,117244.242541393
0,E,15,Navicula,28.95296,117244.242541393
0,E,4,Navicula,28.95296,117244.242541393
0,E,4,Oocystis,57.90592,11924.8424320551
0,E,6,Oocystis,115.81184,23849.6848641102
0,E,15,Paulschulzia,115.81184,44205.7855277401
0,E,9,Pennate diatom,28.95296,NA
0,E,15,Pseudanabaena,1737.1776,93400.0650187445
0,E,9,Pseudanabaena,188.19424,10118.3403770307
0,E,15,Rhodomonas,46.1102696296296,10955.1144989451
0,E,9,Rhodomonas,32.8133546666667,7795.96520157487
0,E,4,Rhodomonas,39.2933028571429,9335.50454810437
0,E,6,Rhodomonas,39.086496,9286.37031364066
0,E,4,Scenedesmus,115.81184,36383.3625742716
0,E,15,Small dinoflagellate,28.95296,41230.9158467163
0,E,9,Small dinoflagellate,28.95296,41230.9158467163
0,E,4,Small dinoflagellate,28.95296,41230.9158467163
0,E,6,Small dinoflagellate,28.95296,41230.9158467163
0,E,6,Synedra,28.95296,187856.483898029
0,E,9,Synedra,41.3613714285714,268366.405568613
0,E,4,Synedra,43.42944,281784.725847043
0,E,15,Synedra,38.6039466666667,250475.311864039
0,E,15,Trachelomonas,28.95296,76794.0183197309
0,I,3,Aphanothece,636.96512,945.870009818652
0,I,12,Chlamydomonas,73.6984436363636,16685.1473141355
0,I,5,Chlamydomonas,40.534144,9176.83102277451
0,I,14,Chlamydomonas,64.9833102222222,14712.0624333369
0,I,3,Chlamydomonas,48.2549333333333,10924.7988366363
0,I,5,Chroomonas,139.783645591398,6517.88663689122
0,I,12,Chroomonas,99.887712,4657.60340188541
0,I,14,Chroomonas,108.091050666667,5040.11189382769
0,I,3,Chroomonas,113.618433939394,5297.84488839842
0,I,12,Chrysochromulina parva,59.1122933333333,3090.40662211544
0,I,14,Chrysochromulina parva,42.66752,2230.66944152693
0,I,3,Chrysochromulina parva,64.7632,3385.83754517481
0,I,5,Chrysochromulina parva,54.85824,2868.00356767749
0,I,12,Closterium,31.848256,4074.34447263329
0,I,14,Closterium,28.95296,3703.94952057571
0,I,5,Closterium,28.95296,3703.94952057571
0,I,3,Closterium,28.95296,3703.94952057571
0,I,3,Coelastrum,173.71776,372565.632760542
0,I,14,Cosmarium meneghinii,28.95296,32697.6521468259
0,I,12,Crucigenia tetrapedia,115.81184,52.6059914117021
0,I,14,Crucigenia tetrapedia,115.81184,52.6059914117021
0,I,5,Cryptomonas,37.2252342857143,39404.1876609431
0,I,12,Cryptomonas,41.61988,44056.0709264711
0,I,3,Cryptomonas,28.95296,30647.7015140669
0,I,14,Cryptomonas,44.5430153846154,47150.3100216414
0,I,12,Cyclotella,33.0890971428571,61344.7696956517
0,I,14,Cyclotella,32.2936861538462,59870.135808737
0,I,3,Cyclotella,31.1801107692308,57805.6483670564
0,I,5,Cyclotella,31.3657066666667,58149.7296073365
0,I,12,Desmodesmus,115.81184,6346.06410209122
0,I,14,Desmodesmus,115.81184,6346.06410209122
0,I,3,Eunotia,28.95296,46032.9167506965
0,I,5,Eunotia,28.95296,46032.9167506965
0,I,12,Golenkinia,28.95296,10803.0469311616
0,I,14,Golenkinia,28.95296,10803.0469311616
0,I,5,Golenkinia,28.95296,10803.0469311616
0,I,3,Golenkinia,28.95296,10803.0469311616
0,I,14,Mallomonas,28.95296,14910.0031125141
0,I,3,Mallomonas,28.95296,14910.0031125141
0,I,14,Merismopedia,550.10624,835.108978220976
0,I,5,Monoraphidium contortum,40.7973527272727,1838.62327263777
0,I,12,Monoraphidium contortum,40.8747670588235,1842.11212135246
0,I,3,Monoraphidium contortum,35.7654211764706,1611.8481061834
0,I,14,Monoraphidium contortum,32.57208,1467.93309670274
0,I,14,Navicula,28.95296,117244.242541393
0,I,12,Pennate diatom,28.95296,NA
0,I,14,Rhodomonas,36.7479876923077,8730.77550855105
0,I,3,Rhodomonas,41.3613714285714,9826.84689274144
0,I,12,Rhodomonas,33.0890971428571,7861.47751419315
0,I,5,Rhodomonas,35.6344123076923,8466.20655374647
0,I,3,Scenedesmus,115.81184,36383.3625742716
0,I,12,Small dinoflagellate,31.0210285714286,44175.9812643389
0,I,14,Small dinoflagellate,32.8133546666667,46728.3712929452
0,I,5,Small dinoflagellate,34.743552,49477.0990160596
0,I,3,Small dinoflagellate,28.95296,41230.9158467163
0,I,3,Synedra,28.95296,187856.483898029
0,I,14,Synedra,32.1699555555556,208729.426553365
0,I,5,Synedra,33.0890971428571,214693.12445489
0,I,12,Synedra,40.534144,262999.07745724
0,I,14,Trachelomonas,28.95296,76794.0183197309
2,D,8,Asteroccoccus,28.95296,16744.2144407339
2,D,8,Chlamydomonas,42.1885988571428,9551.39555431632
2,D,8,Chroomonas,90.478,4218.84366112808
2,D,8,Chrysochromulina parva,28.95296,1513.66854960756
2,D,8,Cryptomonas,28.95296,30647.7015140669
2,D,8,Cyanodictyon reticulatum,49.6336457142857,226.780267659345
2,D,8,Cyclotella,28.95296,53676.6734836952
2,D,8,Desmodesmus,115.81184,6346.06410209122
2,D,8,Eunotia,36.1912,57541.1459383706
2,D,8,Merismopedia,115.81184,175.812416467574
2,D,8,Navicula,34.38164,139227.538017904
2,D,8,Pseudanabaena,173.71776,9340.00650187445
2,D,8,Rhodomonas,38.1652654545454,9067.49963284778
2,D,8,Synedra,28.95296,187856.483898029
4,C,16,Aphanothece,28.95296,42.9940913553933
4,C,7,Chlamydomonas,47.8837415384615,10840.7619225083
4,C,16,Chlamydomonas,60.62026,13724.2785385244
4,C,1,Chlamydomonas,64.2229294545455,14539.9140880323
4,C,10,Chlamydomonas,42.4643413333333,9613.82297623996
4,C,1,Chroomonas,93.7730197014925,4372.48513177215
4,C,7,Chroomonas,90.6559895081967,4227.14302570735
4,C,16,Chroomonas,126.302042898551,5889.26118028778
4,C,10,Chroomonas,86.5222176744186,4034.39189175783
4,C,10,Chrysochromulina parva,36.1912,1892.08568700945
4,C,1,Chrysochromulina parva,45.4975085714286,2378.62200652617
4,C,16,Chrysochromulina parva,34.743552,1816.40225952908
4,C,7,Chrysochromulina parva,28.95296,1513.66854960756
4,C,7,Closterium,33.0890971428571,4233.08516637224
4,C,1,Closterium,33.7784533333333,4321.27444067167
4,C,10,Closterium,28.95296,3703.94952057571
4,C,16,Closterium,34.743552,4444.73942469086
4,C,7,Crucigenia tetrapedia,115.81184,52.6059914117021
4,C,1,Cryptomonas,45.9253848275862,48613.5955050716
4,C,10,Cryptomonas,45.4975085714286,48160.6738078194
4,C,16,Cryptomonas,47.1327255813953,49891.6071159228
4,C,7,Cryptomonas,33.6227922580645,35590.8791776261
4,C,16,Cyanodictyon reticulatum,369.15024,1686.67824071638
4,C,1,Cyclotella,31.1801107692308,57805.6483670564
4,C,10,Cyclotella,28.95296,53676.6734836952
4,C,16,Cyclotella,32.3591905882353,59991.5762464829
4,C,7,Cyclotella,28.95296,53676.6734836952
4,C,7,Desmodesmus,115.81184,6346.06410209122
4,C,10,Desmodesmus,115.81184,6346.06410209122
4,C,16,Desmodesmus,115.81184,6346.06410209123
4,C,16,Elakatothrix,57.90592,6717.4105324145
4,C,10,Eunotia,28.95296,46032.9167506965
4,C,16,Eunotia,28.95296,46032.9167506965
4,C,1,Golenkinia,28.95296,10803.0469311616
4,C,7,Golenkinia,28.95296,10803.0469311616
4,C,16,Golenkinia,28.95296,10803.0469311616
4,C,7,Gonium pectorale,115.81184,19900.9119921605
4,C,16,Gonium pectorale,115.81184,19900.9119921605
4,C,1,Merismopedia,231.62368,351.624832935148
4,C,7,Merismopedia,115.81184,175.812416467574
4,C,16,Merismopedia,289.5296,439.531041168935
4,C,1,Micractinium pusillum,57.90592,15523.5680316892
4,C,10,Monoraphidium contortum,40.534144,1826.76118700785
4,C,16,Monoraphidium contortum,39.1256216216216,1763.28299904233
4,C,1,Monoraphidium contortum,35.5331781818182,1601.38156003935
4,C,7,Monoraphidium contortum,28.95296,1304.82941929132
4,C,7,Navicula,28.95296,117244.242541393
4,C,16,Navicula,28.95296,117244.242541393
4,C,7,Oocystis,115.81184,23849.6848641102
4,C,7,Pediastrum tetras,202.67072,11099.3154451333
4,C,16,Pseudanabaena,57.90592,3113.33550062482
4,C,16,Rhodomonas,38.6039466666667,9171.72376655867
4,C,7,Rhodomonas,37.33408,8870.02232686924
4,C,10,Rhodomonas,39.3760256,9355.15824188985
4,C,1,Rhodomonas,38.3200941176471,9104.28462121633
4,C,16,Small dinoflagellate,36.7479876923077,52331.5470362169
4,C,1,Small dinoflagellate,28.95296,41230.9158467163
4,C,7,Small dinoflagellate,31.848256,45354.007431388
4,C,10,Small dinoflagellate,28.95296,41230.9158467163
4,C,1,Synedra,34.4678095238095,223638.671307177
4,C,7,Synedra,28.95296,187856.483898029
4,C,10,Synedra,35.7654211764706,232058.009521095
4,C,16,Synedra,38.6039466666667,250475.311864039
4,C,7,Synura,521.15328,12972.29240394
4,C,7,Trachelomonas,36.1912,95992.5228996636
4,C,16,Trachelomonas,31.848256,84473.420151704
4,D,13,Aphanocapsa,308.831573333333,479.124729850078
4,D,13,Aphanothece,37.2252342857143,55.2781174569342
4,D,8,Aphanothece,28.95296,42.9940913553932
4,D,13,Asteroccoccus,28.95296,16744.2144407339
4,D,2,Chlamydomonas,63.8961875862069,14465.9405285115
4,D,11,Chlamydomonas,45.239,10241.9989093465
4,D,8,Chlamydomonas,50.66768,11471.0387784681
4,D,13,Chlamydomonas,59.7941565217391,13537.2507323537
4,D,11,Chroomonas,107.690887804878,5021.45294300123
4,D,13,Chroomonas,118.283434146341,5515.36634723086
4,D,2,Chroomonas,123.854328888889,5775.12821167756
4,D,8,Chroomonas,130.28832,6075.13487202444
4,D,11,Chrysochromulina parva,47.04856,2459.71139311229
4,D,8,Chrysochromulina parva,33.7784533333333,1765.94664120882
4,D,2,Chrysochromulina parva,53.0804266666667,2775.05900761386
4,D,13,Chrysochromulina parva,34.743552,1816.40225952908
4,D,13,Closterium,28.95296,3703.94952057571
4,D,2,Closterium,30.8831573333333,3950.87948861409
4,D,8,Closterium,28.95296,3703.94952057571
4,D,11,Closterium,28.95296,3703.94952057571
4,D,13,Crucigenia tetrapedia,115.81184,52.6059914117021
4,D,2,Cryptomonas,45.0379377777778,47674.2023552152
4,D,8,Cryptomonas,41.3613714285714,43782.4307343813
4,D,13,Cryptomonas,50.2419011764706,53182.7761567631
4,D,11,Cryptomonas,32.00064,33873.7753576529
4,D,13,Cyanodictyon reticulatum,485.2516096,2217.15508348287
4,D,2,Cyanodictyon reticulatum,377.5465984,1725.04190266209
4,D,8,Cyanodictyon reticulatum,463.24736,2116.61583148722
4,D,11,Cyclotella,28.95296,53676.6734836952
4,D,13,Cyclotella,28.95296,53676.6734836952
4,D,2,Cyclotella,33.52448,62151.9377179629
4,D,8,Cyclotella,33.0890971428571,61344.7696956517
4,D,13,Desmodesmus,115.81184,6346.06410209122
4,D,2,Desmodesmus,115.81184,6346.06410209122
4,D,8,Desmodesmus,57.90592,3173.03205104561
4,D,11,Desmodesmus,115.81184,6346.06410209122
4,D,2,Elakatothrix,57.90592,6717.4105324145
4,D,8,Elakatothrix,57.90592,6717.4105324145
4,D,13,Elakatothrix,57.90592,6717.4105324145
4,D,11,Eunotia,28.95296,46032.9167506965
4,D,13,Eunotia,28.95296,46032.9167506965
4,D,13,Golenkinia,28.95296,10803.0469311616
4,D,2,Golenkinia,28.95296,10803.0469311616
4,D,8,Golenkinia,28.95296,10803.0469311616
4,D,8,Gonium pectorale,115.81184,19900.9119921605
4,D,13,Gonium pectorale,115.81184,19900.9119921605
4,D,11,Gonium pectorale,173.71776,29851.3679882407
4,D,13,Mallomonas,28.95296,14910.0031125141
4,D,8,Merismopedia,115.81184,175.812416467574
4,D,2,Merismopedia,376.38848,571.390353519615
4,D,11,Merismopedia,463.24736,703.249665870296
4,D,13,Merismopedia,463.24736,703.249665870296
4,D,11,Monoraphidium contortum,36.8492218181818,1660.69198818896
4,D,2,Monoraphidium contortum,41.5174520754717,1871.07614841775
4,D,13,Monoraphidium contortum,41.6922624,1878.9543637795
4,D,8,Monoraphidium contortum,32.8133546666667,1478.80667519683
4,D,8,Navicula,28.95296,117244.242541393
4,D,13,Navicula,28.95296,117244.242541393
4,D,2,Navicula,28.95296,117244.242541393
4,D,2,Pediastrum tetras,202.67072,11099.3154451333
4,D,8,Pseudanabaena,28.95296,1556.66775031241
4,D,11,Rhodomonas,44.5430153846154,10582.7581921831
4,D,13,Rhodomonas,49.6336457142857,11792.2162712897
4,D,2,Rhodomonas,47.1519634285714,11202.6054577252
4,D,8,Rhodomonas,43.8206962162162,10411.1458971747
4,D,11,Small dinoflagellate,28.95296,41230.9158467163
4,D,2,Small dinoflagellate,28.95296,41230.9158467163
4,D,13,Small dinoflagellate,39.61984,56421.2532639276
4,D,8,Small dinoflagellate,33.7784533333333,48102.7351545024
4,D,11,Synedra,33.0890971428571,214693.12445489
4,D,13,Synedra,41.0166933333333,266130.018855541
4,D,2,Synedra,39.4813090909091,256167.932588221
4,D,8,Synedra,40.3273371428571,261657.245429397
4,D,11,Trachelomonas,28.95296,76794.0183197309
4,D,8,Trachelomonas,28.95296,76794.0183197309
4,D,2,Trachelomonas,43.42944,115191.027479596
4,D,13,Trachelomonas,28.95296,76794.0183197309
4,E,15,Aphanothece,89.2716266666667,132.565115012463
4,E,9,Aphanothece,1013.3536,1504.79319743876
4,E,6,Asteroccoccus,33.0890971428571,19136.2450751245
4,E,9,Asteroccoccus,28.95296,16744.2144407339
4,E,4,Chlamydomonas,66.28704,15007.2236650636
4,E,6,Chlamydomonas,54.8038171428571,12407.4501073227
4,E,15,Chlamydomonas,58.4627076923077,13235.8139751555
4,E,9,Chlamydomonas,55.010624,12454.2706737654
4,E,9,Chroomonas,124.436125957447,5802.25647351743
4,E,6,Chroomonas,98.6545303703704,4600.10212531892
4,E,4,Chroomonas,96.5098666666667,4500.09990520329
4,E,15,Chroomonas,127.031112,5923.25650022383
4,E,4,Chrysochromulina parva,34.38164,1797.48140265898
4,E,15,Chrysochromulina parva,28.95296,1513.66854960756
4,E,9,Chrysochromulina parva,31.3657066666667,1639.80759540819
4,E,6,Chrysochromulina parva,38.6039466666667,2018.22473281008
4,E,9,Closterium,28.95296,3703.94952057571
4,E,15,Closterium,33.0890971428571,4233.08516637224
4,E,4,Closterium,33.7784533333333,4321.27444067167
4,E,6,Closterium,28.95296,3703.94952057571
4,E,15,Crucigenia tetrapedia,115.81184,52.6059914117021
4,E,4,Crucigenia tetrapedia,115.81184,52.6059914117021
4,E,4,Cryptomonas,43.42944,45971.5522711003
4,E,6,Cryptomonas,43.42944,45971.5522711003
4,E,9,Cryptomonas,28.95296,30647.7015140669
4,E,15,Cryptomonas,34.0623058823529,36056.119428314
4,E,4,Cyanodictyon reticulatum,434.2944,1984.32734201927
4,E,9,Cyanodictyon reticulatum,347.43552,1587.46187361542
4,E,15,Cyanodictyon reticulatum,473.775709090909,2164.7207367483
4,E,6,Cyanodictyon reticulatum,389.256462222222,1778.54524729135
4,E,4,Cyclotella,43.42944,80515.0102255428
4,E,6,Cyclotella,28.95296,53676.6734836952
4,E,15,Cyclotella,28.95296,53676.6734836952
4,E,9,Cyclotella,34.743552,64412.0081804342
4,E,6,Desmodesmus,115.81184,6346.06410209123
4,E,4,Desmodesmus,115.81184,6346.06410209122
4,E,9,Desmodesmus,115.81184,6346.06410209122
4,E,4,Dictyosphaerium pulchellum,579.0592,9928.22686820798
4,E,4,Elakatothrix,43.42944,5038.05789931087
4,E,6,Eudorina,275.05312,104988.740628383
4,E,15,Eunotia,28.95296,46032.9167506965
4,E,4,Golenkinia,28.95296,10803.0469311616
4,E,9,Golenkinia,28.95296,10803.0469311616
4,E,15,Golenkinia,28.95296,10803.0469311616
4,E,6,Golenkinia,28.95296,10803.0469311616
4,E,4,Gonium pectorale,115.81184,19900.9119921605
4,E,9,Mallomonas,28.95296,14910.0031125141
4,E,4,Mallomonas,28.95296,14910.0031125141
4,E,6,Merismopedia,132.356388571429,200.928475962942
4,E,4,Merismopedia,254.786048,386.787316228663
4,E,6,Monoraphidium contortum,30.400608,1370.07089025589
4,E,9,Monoraphidium contortum,28.95296,1304.82941929132
4,E,4,Monoraphidium contortum,41.981792,1892.00265797242
4,E,15,Monoraphidium contortum,38.0524617142857,1714.91866535431
4,E,6,Navicula,28.95296,117244.242541393
4,E,4,Oocystis,50.66768,10434.2371280482
4,E,4,Pseudanabaena,144.7648,7783.33875156204
4,E,6,Pseudanabaena,183.368746666667,9858.89575197858
4,E,4,Rhodomonas,35.1571657142857,8352.81985883022
4,E,9,Rhodomonas,36.5059060869565,8673.26051837614
4,E,15,Rhodomonas,42.1133963636364,10005.5168362458
4,E,6,Rhodomonas,28.95296,6878.79282491901
4,E,15,Small dinoflagellate,34.38164,48961.7125679756
4,E,6,Small dinoflagellate,28.95296,41230.9158467163
4,E,4,Small dinoflagellate,31.5850472727273,44979.1809236905
4,E,9,Small dinoflagellate,35.1571657142857,50066.1120995841
4,E,6,Synedra,32.1699555555556,208729.426553365
4,E,9,Synedra,28.95296,187856.483898029
4,E,4,Synedra,40.534144,262999.07745724
4,E,15,Synedra,33.4072615384615,216757.481420803
4,E,15,Trachelomonas,28.95296,76794.0183197309
4,I,5,Aphanocapsa,28.95296,44.9179434234448
4,I,3,Aphanothece,1177.42037333333,1748.42638178599
4,I,5,Aphanothece,28.95296,42.9940913553932
4,I,12,Aphanothece,28.95296,42.9940913553933
4,I,14,Aphanothece,43.42944,64.4911370330899
4,I,5,Asteroccoccus,28.95296,16744.2144407339
4,I,12,Asteroccoccus,28.95296,16744.2144407339
4,I,14,Chlamydomonas,52.5442607407407,11895.8920665595
4,I,12,Chlamydomonas,46.2015319148936,10459.9137797582
4,I,3,Chlamydomonas,61.0359697297297,13818.3942041778
4,I,5,Chlamydomonas,59.902675862069,13561.8192454796
4,I,3,Chroomonas,109.4421888,5103.11329250053
4,I,12,Chroomonas,108.043972682927,5037.91672314222
4,I,14,Chroomonas,141.625322409639,6603.76106570796
4,I,5,Chroomonas,108.388004102564,5053.95835507446
4,I,12,Chrysochromulina parva,38.6039466666667,2018.22473281008
4,I,14,Chrysochromulina parva,28.95296,1513.66854960756
4,I,3,Chrysochromulina parva,51.2244676923077,2678.02897238261
4,I,5,Chrysochromulina parva,37.8615630769231,1979.41271871758
4,I,3,Closterium,28.95296,3703.94952057571
4,I,14,Closterium,35.6344123076923,4558.70710224703
4,I,12,Closterium,28.95296,3703.94952057571
4,I,5,Closterium,28.95296,3703.94952057571
4,I,5,Cosmarium regnelli,28.95296,16399.9548935092
4,I,3,Cryptomonas,34.5208369230769,36541.4902667721
4,I,5,Cryptomonas,33.0890971428571,35025.944587505
4,I,12,Cryptomonas,40.534144,42906.7821196936
4,I,14,Cryptomonas,53.2734464,56391.7707858831
4,I,14,Cyanodictyon reticulatum,419.81792,1918.1830972853
4,I,12,Cyanodictyon reticulatum,347.43552,1587.46187361542
4,I,3,Cyanodictyon reticulatum,425.385796923077,1943.62319141375
4,I,14,Cyclotella,43.42944,80515.0102255428
4,I,3,Cyclotella,32.3591905882353,59991.5762464829
4,I,5,Cyclotella,28.95296,53676.6734836952
4,I,12,Cyclotella,28.95296,53676.6734836952
4,I,3,Desmodesmus,115.81184,6346.06410209123
4,I,14,Desmodesmus,115.81184,6346.06410209123
4,I,3,Dictyosphaerium pulchellum,434.2944,7446.17015115598
4,I,14,Elakatothrix,57.90592,6717.4105324145
4,I,12,Eunotia,57.90592,92065.8335013929
4,I,14,Golenkinia,28.95296,10803.0469311616
4,I,3,Golenkinia,28.95296,10803.0469311616
4,I,5,Gonium pectorale,115.81184,19900.9119921605
4,I,3,Mallomonas,28.95296,14910.0031125141
4,I,12,Mallomonas,28.95296,14910.0031125141
4,I,14,Mallomonas,43.42944,22365.0046687712
4,I,12,Merismopedia,252.680378181818,383.590726838343
4,I,3,Merismopedia,312.691968,474.69352446245
4,I,5,Merismopedia,211.482490434783,321.048760506005
4,I,3,Monoraphidium contortum,38.85792,1751.21843115414
4,I,12,Monoraphidium contortum,35.3869511111111,1594.79151246717
4,I,5,Monoraphidium contortum,31.848256,1435.31236122046
4,I,14,Monoraphidium contortum,47.8610155102041,2156.96291760402
4,I,14,Navicula,28.95296,117244.242541393
4,I,3,Oocystis,115.81184,23849.6848641102
4,I,5,Pseudanabaena,665.91808,35803.3582571854
4,I,5,Rhodomonas,44.2488633962264,10512.8720531781
4,I,12,Rhodomonas,47.5655771428571,11300.8739266527
4,I,14,Rhodomonas,45.0379377777778,10700.3443943185
4,I,3,Rhodomonas,53.0804266666667,12611.1201790182
4,I,5,Small dinoflagellate,38.6039466666667,54974.5544622884
4,I,12,Small dinoflagellate,28.95296,41230.9158467163
4,I,14,Small dinoflagellate,38.6039466666667,54974.5544622884
4,I,3,Small dinoflagellate,28.95296,41230.9158467163
4,I,12,Synedra,33.0890971428571,214693.12445489
4,I,3,Synedra,36.1912,234820.604872536
4,I,5,Synedra,37.2252342857143,241529.765011751
4,I,14,Synedra,42.0284903225806,272694.89598101
4,I,3,Trachelomonas,28.95296,76794.0183197309
4,I,12,Trachelomonas,28.95296,76794.0183197309
4,I,5,Trachelomonas,28.95296,76794.0183197309
12,C,16,Aphanothece,5790.592,8598.81827107865
12,C,1,Chlamydomonas,38.6039466666667,8739.83906930905
12,C,7,Chlamydomonas,41.9318731034483,9493.2734718357
12,C,10,Chlamydomonas,48.76288,11039.7967191272
12,C,16,Chlamydomonas,53.6689014634146,12150.5079744053
12,C,1,Chroomonas,82.1796137373737,3831.9032526125
12,C,7,Chroomonas,89.754176,4185.09291183906
12,C,10,Chroomonas,87.9053725301205,4098.88617871529
12,C,16,Chroomonas,109.751918139535,5117.55547359165
12,C,1,Chrysochromulina parva,34.743552,1816.40225952908
12,C,7,Chrysochromulina parva,38.6039466666667,2018.22473281008
12,C,10,Chrysochromulina parva,34.38164,1797.48140265898
12,C,16,Chrysochromulina parva,28.95296,1513.66854960756
12,C,7,Closterium,28.95296,3703.94952057571
12,C,16,Closterium,34.743552,4444.73942469086
12,C,10,Cosmarium bioculatum,28.95296,9205.31209643651
12,C,16,Crucigenia tetrapedia,115.81184,52.6059914117021
12,C,7,Cryptomonas,33.52448,35486.8122794459
12,C,10,Cryptomonas,38.6039466666667,40863.6020187558
12,C,16,Cryptomonas,32.3591905882353,34253.3134568983
12,C,16,Cyanodictyon reticulatum,1217.95451733333,5564.93579028516
12,C,1,Cyclotella,34.743552,64412.0081804342
12,C,7,Cyclotella,33.7784533333333,62622.7857309777
12,C,16,Cyclotella,28.95296,53676.6734836952
12,C,1,Desmodesmus,115.81184,6346.06410209122
12,C,1,Eunotia,28.95296,46032.9167506965
12,C,10,Eunotia,28.95296,46032.9167506965
12,C,7,Eunotia,28.95296,46032.9167506965
12,C,7,Golenkinia,28.95296,10803.0469311616
12,C,1,Monoraphidium contortum,28.95296,1304.82941929132
12,C,7,Monoraphidium contortum,50.66768,2283.45148375981
12,C,10,Monoraphidium contortum,28.95296,1304.82941929132
12,C,16,Monoraphidium contortum,32.8133546666667,1478.80667519683
12,C,1,Navicula,33.7784533333333,136784.949631625
12,C,7,Navicula,28.95296,117244.242541393
12,C,10,Navicula,28.95296,117244.242541393
12,C,16,Navicula,28.95296,117244.242541393
12,C,1,Pseudanabaena,28.95296,1556.66775031241
12,C,7,Pseudanabaena,579.0592,31133.3550062482
12,C,10,Pseudanabaena,926.49472,49813.3680099971
12,C,16,Pseudanabaena,270.227626666667,14528.8990029158
12,C,1,Rhodomonas,39.2265909677419,9319.65479505156
12,C,7,Rhodomonas,38.2592685714286,9089.83337578583
12,C,10,Rhodomonas,45.7860762790698,10878.0909789417
12,C,16,Rhodomonas,42.1133963636364,10005.5168362458
12,C,7,Selenastrum bibraianum,173.71776,27517.4006019216
12,C,7,Small dinoflagellate,28.95296,41230.9158467163
12,C,16,Small dinoflagellate,28.95296,41230.9158467163
12,C,1,Small dinoflagellate,28.95296,41230.9158467163
12,C,1,Synedra,28.95296,187856.483898029
12,C,10,Synedra,28.95296,187856.483898029
12,C,16,Synedra,28.95296,187856.483898029
12,C,16,Trachelomonas,28.95296,76794.0183197309
12,D,2,Aphanothece,1447.648,2149.70456776966
12,D,13,Aphanothece,1455.20094608696,2160.92041768846
12,D,2,Chlamydomonas,40.534144,9176.83102277451
12,D,11,Chlamydomonas,44.33422,10037.1589311596
12,D,8,Chlamydomonas,36.5059060869565,8264.84781554226
12,D,13,Chlamydomonas,49.2982832432432,11161.0107033744
12,D,2,Chroomonas,72.5807079452055,3384.3217095296
12,D,8,Chroomonas,78.4667176811594,3658.77687944789
12,D,11,Chroomonas,73.8948680597015,3445.59888264073
12,D,13,Chroomonas,71.0166943396226,3311.39426986657
12,D,2,Chrysochromulina parva,34.2171345454545,1788.88101317257
12,D,13,Chrysochromulina parva,28.95296,1513.66854960756
12,D,8,Chrysochromulina parva,34.743552,1816.40225952908
12,D,11,Chrysochromulina parva,33.7784533333333,1765.94664120882
12,D,8,Closterium,28.95296,3703.94952057571
12,D,11,Closterium,28.95296,3703.94952057571
12,D,13,Crucigenia tetrapedia,115.81184,52.6059914117021
12,D,2,Cryptomonas,38.00076,40225.1082372128
12,D,11,Cryptomonas,34.743552,36777.2418168803
12,D,8,Cryptomonas,28.95296,30647.7015140669
12,D,13,Cryptomonas,38.6039466666667,40863.6020187558
12,D,2,Cyanodictyon reticulatum,347.43552,1587.46187361542
12,D,13,Cyanodictyon reticulatum,900.107212151899,4112.66493839606
12,D,2,Cyclotella,32.57208,60386.2576691571
12,D,11,Cyclotella,28.95296,53676.6734836952
12,D,8,Cyclotella,28.95296,53676.6734836952
12,D,13,Cyclotella,28.95296,53676.6734836952
12,D,11,Desmodesmus,115.81184,6346.06410209122
12,D,13,Desmodesmus,115.81184,6346.06410209122
12,D,2,Desmodesmus,115.81184,6346.06410209122
12,D,2,Eunotia,28.95296,46032.9167506965
12,D,11,Eunotia,32.8133546666667,52170.6389841227
12,D,8,Eunotia,33.0890971428571,52609.0477150817
12,D,2,Golenkinia,28.95296,10803.0469311616
12,D,11,Golenkinia,28.95296,10803.0469311616
12,D,2,Gonium pectorale,115.81184,19900.9119921605
12,D,8,Gonium pectorale,115.81184,19900.9119921605
12,D,13,Merismopedia,1852.98944,2812.99866348118
12,D,2,Monoraphidium contortum,43.42944,1957.24412893698
12,D,11,Monoraphidium contortum,28.95296,1304.82941929132
12,D,13,Monoraphidium contortum,35.5707794285714,1603.07614370077
12,D,8,Monoraphidium contortum,28.95296,1304.82941929132
12,D,8,Navicula,28.95296,117244.242541393
12,D,11,Navicula,37.638848,152417.515303811
12,D,2,Navicula,33.0890971428571,133993.420047306
12,D,13,Navicula,28.95296,117244.242541393
12,D,8,Pseudanabaena,308.831573333333,16604.4560033324
12,D,13,Pseudanabaena,315.694497185185,16973.4439145175
12,D,2,Pseudanabaena,28.95296,1556.66775031241
12,D,8,Rhodomonas,56.3194564383562,13380.6654950479
12,D,11,Rhodomonas,79.5334322891566,18895.9610130305
12,D,13,Rhodomonas,46.6464355555556,11082.4995512584
12,D,2,Rhodomonas,52.5079105084746,12475.0988519718
12,D,8,Small dinoflagellate,28.95296,41230.9158467163
12,D,13,Small dinoflagellate,33.7784533333333,48102.7351545024
12,D,2,Small dinoflagellate,57.90592,82461.8316934326
12,D,11,Small dinoflagellate,28.95296,41230.9158467163
12,D,8,Synedra,28.95296,187856.483898029
12,D,11,Synedra,28.95296,187856.483898029
12,D,13,Synedra,31.848256,206642.132287832
12,D,2,Synedra,28.95296,187856.483898029
12,D,11,Trachelomonas,28.95296,76794.0183197309
12,D,13,Trachelomonas,28.95296,76794.0183197309
12,E,15,Aphanothece,2316.2368,3439.52730843146
12,E,9,Asteroccoccus,28.95296,16744.2144407339
12,E,6,Asteroccoccus,28.95296,16744.2144407339
12,E,4,Chlamydomonas,44.2809976470588,10025.109520678
12,E,6,Chlamydomonas,44.3534706382979,10041.5172285678
12,E,15,Chlamydomonas,47.3133736585366,10711.6320300678
12,E,9,Chlamydomonas,38.8232872727273,8789.49724583922
12,E,4,Chroomonas,80.7989581395349,3767.52550203066
12,E,6,Chroomonas,82.6729098795181,3854.90485855366
12,E,15,Chroomonas,103.748106666667,4837.60739809354
12,E,9,Chroomonas,79.7100009876543,3716.7491809642
12,E,4,Chrysochromulina parva,37.8615630769231,1979.41271871758
12,E,6,Chrysochromulina parva,38.00076,1986.68997135993
12,E,15,Chrysochromulina parva,28.95296,1513.66854960756
12,E,9,Chrysochromulina parva,47.95334,2507.01353528753
12,E,15,Closterium,28.95296,3703.94952057571
12,E,4,Closterium,28.95296,3703.94952057571
12,E,4,Crucigenia tetrapedia,115.81184,52.6059914117021
12,E,15,Crucigenia tetrapedia,115.81184,52.6059914117021
12,E,6,Crucigenia tetrapedia,115.81184,52.6059914117021
12,E,4,Cryptomonas,31.7103847619048,33566.5302296923
12,E,9,Cryptomonas,31.0210285714286,32836.8230507859
12,E,15,Cryptomonas,31.848256,33712.4716654736
12,E,6,Cryptomonas,34.0623058823529,36056.119428314
12,E,15,Cyanodictyon reticulatum,761.049234285714,3477.2974374433
12,E,6,Cyanodictyon reticulatum,202.67072,926.01942627566
12,E,4,Cyanodictyon reticulatum,521.15328,2381.19281042313
12,E,6,Cyclotella,28.95296,53676.6734836952
12,E,4,Cyclotella,31.0210285714286,57510.7215896734
12,E,15,Cyclotella,28.95296,53676.6734836952
12,E,9,Cyclotella,28.95296,53676.6734836952
12,E,9,Desmodesmus,115.81184,6346.06410209123
12,E,15,Eunotia,28.95296,46032.9167506965
12,E,6,Eunotia,43.42944,69049.3751260447
12,E,9,Eunotia,28.95296,46032.9167506965
12,E,4,Eunotia,28.95296,46032.9167506965
12,E,9,Golenkinia,28.95296,10803.0469311616
12,E,6,Merismopedia,115.81184,175.812416467574
12,E,15,Monoraphidium contortum,33.0890971428571,1491.23362204723
12,E,4,Monoraphidium contortum,28.95296,1304.82941929132
12,E,6,Monoraphidium contortum,28.95296,1304.82941929132
12,E,9,Monoraphidium contortum,32.57208,1467.93309670274
12,E,9,Navicula,36.1912,146555.303176741
12,E,15,Navicula,28.95296,117244.242541393
12,E,6,Navicula,28.95296,117244.242541393
12,E,6,Oocystis,115.81184,23849.6848641102
12,E,15,Oocystis,115.81184,23849.6848641102
12,E,4,Oocystis,173.71776,35774.5272961653
12,E,9,Oocystis,115.81184,23849.6848641102
12,E,6,Pseudanabaena,28.95296,1556.66775031241
12,E,15,Pseudanabaena,231.62368,12453.3420024993
12,E,4,Pseudanabaena,28.95296,1556.66775031241
12,E,6,Rhodomonas,36.5059060869565,8673.26051837614
12,E,4,Rhodomonas,36.8492218181818,8754.8272317151
12,E,9,Rhodomonas,31.1801107692308,7407.93073452816
12,E,15,Rhodomonas,41.0945238709677,9763.4478805302
12,E,6,Small dinoflagellate,28.95296,41230.9158467163
12,E,4,Small dinoflagellate,28.95296,41230.9158467163
12,E,15,Small dinoflagellate,28.95296,41230.9158467163
12,E,4,Synedra,28.95296,187856.483898029
12,E,9,Synedra,28.95296,187856.483898029
12,E,6,Synedra,28.95296,187856.483898029
12,E,15,Synedra,28.95296,187856.483898029
12,E,15,Trachelomonas,28.95296,76794.0183197309
12,I,5,Chlamydomonas,41.14368,9314.8284817636
12,I,3,Chlamydomonas,43.42944,9832.31895297268
12,I,12,Chlamydomonas,41.0166933333333,9286.07901114087
12,I,14,Chlamydomonas,47.2059130434783,10687.3032097529
12,I,5,Chroomonas,76.173859047619,3551.86456803545
12,I,12,Chroomonas,63.5552780487805,2963.48042537778
12,I,3,Chroomonas,74.5112941176471,3474.34183857607
12,I,14,Chroomonas,139.617607111111,6510.14452952743
12,I,3,Chrysochromulina parva,28.95296,1513.66854960756
12,I,5,Chrysochromulina parva,35.04832,1832.33561268284
12,I,12,Chrysochromulina parva,28.95296,1513.66854960756
12,I,14,Chrysochromulina parva,35.3869511111111,1850.03933840924
12,I,3,Closterium,28.95296,3703.94952057571
12,I,14,Closterium,28.95296,3703.94952057571
12,I,14,Crucigenia tetrapedia,115.81184,52.6059914117021
12,I,3,Cryptomonas,52.47724,55548.9589942462
12,I,5,Cryptomonas,36.1912,38309.6268925836
12,I,12,Cryptomonas,37.638848,39842.0119682869
12,I,14,Cryptomonas,38.8796891428571,41155.4848903184
12,I,3,Cyanodictyon reticulatum,347.43552,1587.46187361542
12,I,14,Cyanodictyon reticulatum,932.82818,4262.16977004556
12,I,3,Cyclotella,28.95296,53676.6734836952
12,I,5,Cyclotella,28.95296,53676.6734836952
12,I,14,Cyclotella,28.95296,53676.6734836952
12,I,5,Desmodesmus,115.81184,6346.06410209122
12,I,14,Desmodesmus,115.81184,6346.06410209122
12,I,12,Desmodesmus,115.81184,6346.06410209122
12,I,3,Desmodesmus,115.81184,6346.06410209122
12,I,5,Eunotia,37.638848,59842.7917759054
12,I,12,Eunotia,28.95296,46032.9167506965
12,I,14,Eunotia,28.95296,46032.9167506965
12,I,12,Golenkinia,28.95296,10803.0469311616
12,I,5,Monoraphidium contortum,43.42944,1957.24412893698
12,I,14,Monoraphidium contortum,32.1699555555556,1449.81046587925
12,I,3,Monoraphidium contortum,35.3869511111111,1594.79151246717
12,I,12,Monoraphidium contortum,28.95296,1304.82941929132
12,I,5,Navicula,28.95296,117244.242541393
12,I,3,Navicula,28.95296,117244.242541393
12,I,12,Navicula,28.95296,117244.242541393
12,I,14,Pediastrum tetras,231.62368,12684.9319372952
12,I,3,Pseudanabaena,28.95296,1556.66775031241
12,I,5,Pseudanabaena,231.62368,12453.3420024993
12,I,12,Rhodomonas,62.1020011594203,14754.5121462031
12,I,14,Rhodomonas,50.66768,12037.8874436083
12,I,5,Rhodomonas,63.042735483871,14978.0166349043
12,I,3,Rhodomonas,58.7967803076923,13969.2408136817
12,I,14,Selenastrum bibraianum,347.43552,55034.8012038431
12,I,5,Small dinoflagellate,28.95296,41230.9158467163
12,I,3,Small dinoflagellate,28.95296,41230.9158467163
12,I,12,Small dinoflagellate,28.95296,41230.9158467163
12,I,14,Small dinoflagellate,31.3657066666667,44666.8255006093
12,I,14,Synedra,43.42944,281784.725847043
12,I,5,Synedra,28.95296,187856.483898029
12,I,3,Synedra,36.1912,234820.604872536
12,I,12,Synedra,28.95296,187856.483898029
12,I,14,Trachelomonas,28.95296,76794.0183197309
20,C,1,Chlamydomonas,42.2556713513513,9566.58060289234
20,C,7,Chlamydomonas,33.0890971428571,7491.29063083633
20,C,10,Chlamydomonas,30.4768,6899.87294945452
20,C,16,Chlamydomonas,40.0887138461538,9075.98672582094
20,C,1,Chroomonas,108.051252783505,5038.25618252657
20,C,10,Chroomonas,89.1360791011236,4156.27204727765
20,C,7,Chroomonas,75.5047780392157,3520.66639642375
20,C,16,Chroomonas,72.1040061538461,3362.09387148361
20,C,7,Chrysochromulina parva,40.534144,2119.13596945059
20,C,1,Chrysochromulina parva,40.8747670588235,2136.94383474009
20,C,16,Chrysochromulina parva,30.6560752941176,1602.70787605507
20,C,10,Chrysochromulina parva,40.0887138461538,2095.84876099509
20,C,16,Cosmarium,28.95296,632955.863300882
20,C,7,Crucigenia tetrapedia,115.81184,52.6059914117021
20,C,16,Crucigenia tetrapedia,115.81184,52.6059914117021
20,C,1,Cryptomonas,28.95296,30647.7015140669
20,C,7,Cryptomonas,28.95296,30647.7015140669
20,C,10,Cryptomonas,43.42944,45971.5522711003
20,C,16,Cryptomonas,28.95296,30647.7015140669
20,C,16,Cyanodictyon reticulatum,62.0420571428571,283.475334574182
20,C,10,Cyclotella,28.95296,53676.6734836952
20,C,1,Cyclotella,28.95296,53676.6734836952
20,C,16,Cyclotella,28.95296,53676.6734836952
20,C,1,Desmodesmus,115.81184,6346.06410209122
20,C,16,Desmodesmus,115.81184,6346.06410209122
20,C,7,Desmodesmus,115.81184,6346.06410209122
20,C,16,Euastrum binale,28.95296,63315.578229836
20,C,7,Eunotia,28.95296,46032.9167506965
20,C,16,Eunotia,36.6737493333333,58308.3612175489
20,C,10,Eunotia,47.9221406896552,76192.4139321872
20,C,1,Eunotia,28.95296,46032.9167506965
20,C,1,Merismopedia,231.62368,351.624832935148
20,C,10,Merismopedia,115.81184,175.812416467574
20,C,16,Monoraphidium contortum,28.95296,1304.82941929132
20,C,1,Navicula,28.95296,117244.242541393
20,C,7,Navicula,36.8492218181818,149219.945052682
20,C,10,Navicula,28.95296,117244.242541393
20,C,16,Navicula,31.848256,128968.666795532
20,C,10,Pseudanabaena,434.2944,23350.0162546861
20,C,16,Pseudanabaena,361.912,19458.3468789051
20,C,7,Pseudanabaena,564.58272,30355.021131092
20,C,1,Rhodomonas,31.848256,7566.67210741091
20,C,10,Rhodomonas,48.00096,11404.3144202605
20,C,16,Rhodomonas,30.8831573333333,7337.37901324694
20,C,7,Rhodomonas,40.6906464864865,9667.49261880509
20,C,7,Small dinoflagellate,28.95296,41230.9158467163
20,C,1,Small dinoflagellate,28.95296,41230.9158467163
20,C,16,Small dinoflagellate,28.95296,41230.9158467163
20,C,1,Synedra,28.95296,187856.483898029
20,C,10,Synedra,28.95296,187856.483898029
20,C,7,Trachelomonas,28.95296,76794.0183197309
20,D,13,Aphanothece,1447.648,2149.70456776966
20,D,11,Chlamydomonas,39.086496,8849.08705767542
20,D,13,Chlamydomonas,37.2252342857143,8427.70195969087
20,D,2,Chlamydomonas,30.5614577777778,6919.039263203
20,D,2,Chroomonas,84.5558036363636,3942.70116694516
20,D,13,Chroomonas,75.2111374712644,3506.97440888256
20,D,11,Chroomonas,74.5009092682927,3473.85760974839
20,D,2,Chrysochromulina parva,33.7784533333333,1765.94664120882
20,D,11,Chrysochromulina parva,36.1912,1892.08568700945
20,D,13,Chrysochromulina parva,50.66768,2648.91996181323
20,D,2,Cryptomonas,43.42944,45971.5522711003
20,D,11,Cryptomonas,28.95296,30647.7015140669
20,D,13,Cryptomonas,28.95296,30647.7015140669
20,D,13,Cyanodictyon reticulatum,173.71776,793.730936807709
20,D,2,Cyanodictyon reticulatum,57.90592,264.576978935903
20,D,11,Cyclotella,28.95296,53676.6734836952
20,D,2,Cyclotella,28.95296,53676.6734836952
20,D,11,Desmodesmus,115.81184,6346.06410209123
20,D,11,Eunotia,28.95296,46032.9167506965
20,D,13,Eunotia,41.3613714285714,65761.3096438521
20,D,2,Eunotia,28.95296,46032.9167506965
20,D,13,Merismopedia,231.62368,351.624832935148
20,D,2,Monoraphidium contortum,31.1801107692308,1405.20091308296
20,D,13,Monoraphidium contortum,38.6039466666667,1739.7725590551
20,D,11,Navicula,38.6039466666667,156325.656721857
20,D,13,Navicula,28.95296,117244.242541393
20,D,2,Navicula,34.743552,140693.091049671
20,D,2,Oocystis,115.81184,23849.6848641102
20,D,2,Pseudanabaena,266.367232,14321.3433028742
20,D,11,Pseudanabaena,458.421866666667,24647.2393799465
20,D,13,Pseudanabaena,473.863445333333,25477.4621801131
20,D,11,Rhodomonas,48.0825942857143,11423.7095128119
20,D,13,Rhodomonas,41.0166933333333,9744.95650196859
20,D,2,Rhodomonas,41.61988,9888.26468582107
20,D,13,Small dinoflagellate,28.95296,41230.9158467163
20,D,13,Synedra,28.95296,187856.483898029
20,D,11,Synedra,28.95296,187856.483898029
20,D,2,Trachelomonas,28.95296,76794.0183197309
20,D,13,Trachelomonas,28.95296,76794.0183197309
20,E,6,Chlamydomonas,36.6737493333333,8302.8471158436
20,E,15,Chlamydomonas,37.8615630769231,8571.76524105311
20,E,9,Chlamydomonas,39.9351172413793,9041.21283031971
20,E,4,Chlamydomonas,34.0623058823529,7711.62270821387
20,E,4,Chroomonas,106.357812244898,4959.29377308118
20,E,6,Chroomonas,74.1295613793103,3456.54225477253
20,E,9,Chroomonas,83.3971130434783,3888.6732876485
20,E,15,Chroomonas,72.9732767346939,3402.62656097514
20,E,9,Chrysochromulina parva,30.5614577777778,1597.76124680798
20,E,6,Chrysochromulina parva,32.7294330434783,1711.10357781724
20,E,15,Chrysochromulina parva,39.086496,2043.45254197021
20,E,4,Chrysochromulina parva,32.3591905882353,1691.74720250257
20,E,4,Cryptomonas,34.743552,36777.2418168803
20,E,6,Cryptomonas,32.57208,34478.6642033253
20,E,9,Cryptomonas,28.95296,30647.7015140669
20,E,15,Cryptomonas,28.95296,30647.7015140669
20,E,6,Cyclotella,28.95296,53676.6734836952
20,E,4,Cyclotella,28.95296,53676.6734836952
20,E,15,Cyclotella,28.95296,53676.6734836952
20,E,6,Desmodesmus,115.81184,6346.06410209122
20,E,4,Desmodesmus,115.81184,6346.06410209122
20,E,9,Desmodesmus,115.81184,6346.06410209122
20,E,15,Desmodesmus,115.81184,6346.06410209122
20,E,4,Eunotia,28.95296,46032.9167506965
20,E,6,Eunotia,28.95296,46032.9167506965
20,E,9,Eunotia,37.2252342857143,59185.1786794669
20,E,15,Eunotia,35.3869511111111,56262.4538064068
20,E,6,Monoraphidium contortum,57.90592,2609.65883858265
20,E,15,Monoraphidium contortum,28.95296,1304.82941929132
20,E,4,Navicula,28.95296,117244.242541393
20,E,6,Navicula,28.95296,117244.242541393
20,E,9,Navicula,32.00064,129585.741756276
20,E,15,Navicula,34.9848266666667,141670.126404183
20,E,4,Pediastrum tetras,231.62368,12684.9319372952
20,E,6,Pediastrum tetras,231.62368,12684.9319372952
20,E,9,Pseudanabaena,270.227626666667,14528.8990029158
20,E,6,Pseudanabaena,579.0592,31133.3550062482
20,E,15,Pseudanabaena,318.48256,17123.3452534365
20,E,6,Rhodomonas,30.4768,7240.83455254632
20,E,4,Rhodomonas,41.61988,9888.26468582107
20,E,9,Rhodomonas,32.9464717241379,7827.59183525266
20,E,15,Rhodomonas,37.2252342857143,8844.16220346729
20,E,6,Small dinoflagellate,28.95296,41230.9158467163
20,E,15,Small dinoflagellate,28.95296,41230.9158467163
20,E,9,Synedra,33.0890971428571,214693.12445489
20,E,6,Synedra,36.1912,234820.604872536
20,E,6,Trachelomonas,28.95296,76794.0183197309
20,E,4,Trachelomonas,28.95296,76794.0183197309
20,I,5,Chlamydomonas,31.0210285714286,7023.08496640906
20,I,12,Chlamydomonas,39.2933028571429,8895.90762411814
20,I,14,Chlamydomonas,46.9237627586207,10623.4250756257
20,I,3,Chlamydomonas,44.1187961904762,9988.38750778177
20,I,3,Chroomonas,85.9902912,4009.58901553613
20,I,5,Chroomonas,89.0860307692308,4153.93837403381
20,I,12,Chroomonas,89.5212211494253,4174.23060172305
20,I,14,Chroomonas,87.2300717948718,4067.39799124143
20,I,3,Chrysochromulina parva,36.1912,1892.08568700945
20,I,5,Chrysochromulina parva,39.4813090909091,2064.09347673759
20,I,12,Chrysochromulina parva,39.0235547826087,2040.16195816671
20,I,14,Chrysochromulina parva,41.3613714285714,2162.38364229652
20,I,3,Cryptomonas,28.95296,30647.7015140669
20,I,5,Cryptomonas,28.95296,30647.7015140669
20,I,12,Cryptomonas,28.95296,30647.7015140669
20,I,14,Cryptomonas,38.6039466666667,40863.6020187558
20,I,14,Cyanodictyon reticulatum,827.227428571429,3779.67112765576
20,I,3,Cyclotella,28.95296,53676.6734836952
20,I,14,Cyclotella,28.95296,53676.6734836952
20,I,3,Desmodesmus,115.81184,6346.06410209122
20,I,5,Desmodesmus,115.81184,6346.06410209122
20,I,14,Desmodesmus,132.356388571429,7252.64468810426
20,I,5,Eunotia,32.8133546666667,52170.6389841227
20,I,12,Eunotia,28.95296,46032.9167506965
20,I,14,Eunotia,43.42944,69049.3751260447
20,I,14,Kirchneriella,115.81184,3536.28165307358
20,I,14,Micractinium,270.227626666667,72443.3174812165
20,I,12,Monoraphidium contortum,43.42944,1957.24412893698
20,I,14,Monoraphidium contortum,28.95296,1304.82941929132
20,I,3,Navicula,28.95296,117244.242541393
20,I,5,Navicula,28.95296,117244.242541393
20,I,12,Navicula,28.95296,117244.242541393
20,I,14,Navicula,28.95296,117244.242541393
20,I,3,Oocystis,115.81184,23849.6848641102
20,I,14,Oocystis,115.81184,23849.6848641102
20,I,14,Pediastrum tetras,231.62368,12684.9319372952
20,I,5,Pseudanabaena,144.7648,7783.33875156204
20,I,12,Pseudanabaena,333.810597647059,17947.4634741901
20,I,14,Pseudanabaena,463.24736,24906.6840049985
20,I,5,Rhodomonas,42.4310620689655,10080.9894847951
20,I,14,Rhodomonas,48.6409728,11556.3719458639
20,I,12,Rhodomonas,46.2383092537313,10985.5348099453
20,I,3,Rhodomonas,34.5567587096774,8210.17208135494
20,I,14,Small dinoflagellate,28.95296,41230.9158467163
20,I,5,Trachelomonas,28.95296,76794.0183197309
20,I,14,Trachelomonas,31.3657066666667,83193.5198463751
28,C,16,Chlamydomonas,35.3869511111111,8011.51914686663
28,C,1,Chlamydomonas,43.42944,9832.31895297269
28,C,10,Chlamydomonas,30.6560752941176,6940.46043739248
28,C,7,Chlamydomonas,38.6039466666667,8739.83906930905
28,C,10,Chroomonas,74.065711627907,3453.56504352811
28,C,1,Chroomonas,103.018671627907,4803.59501508909
28,C,16,Chroomonas,87.468416,4078.51159829477
28,C,7,Chroomonas,77.6321125274725,3619.8605830866
28,C,1,Chrysochromulina parva,35.1571657142857,1838.02609595204
28,C,10,Chrysochromulina parva,44.058852173913,2303.40866244629
28,C,16,Chrysochromulina parva,36.1912,1892.08568700945
28,C,7,Chrysochromulina parva,28.95296,1513.66854960756
28,C,1,Closterium,28.95296,3703.94952057571
28,C,10,Cosmarium bioculatum,28.95296,9205.31209643651
28,C,1,Crucigenia tetrapedia,115.81184,52.6059914117021
28,C,1,Cryptomonas,32.1699555555556,34053.0016822965
28,C,16,Cryptomonas,28.95296,30647.7015140669
28,C,7,Cryptomonas,28.95296,30647.7015140669
28,C,10,Cryptomonas,34.743552,36777.2418168803
28,C,1,Cyclotella,28.95296,53676.6734836952
28,C,16,Cyclotella,28.95296,53676.6734836952
28,C,10,Cyclotella,28.95296,53676.6734836952
28,C,1,Desmodesmus,115.81184,6346.06410209122
28,C,7,Desmodesmus,115.81184,6346.06410209122
28,C,1,Eunotia,28.95296,46032.9167506965
28,C,10,Eunotia,28.95296,46032.9167506965
28,C,16,Eunotia,37.2252342857143,59185.1786794669
28,C,7,Eunotia,28.95296,46032.9167506965
28,C,10,Merismopedia,231.62368,351.624832935148
28,C,16,Monoraphidium,28.95296,1304.82941929132
28,C,10,Monoraphidium contortum,28.95296,1304.82941929132
28,C,1,Monoraphidium contortum,34.743552,1565.79530314959
28,C,10,Navicula,32.8133546666667,132876.808213579
28,C,16,Navicula,28.95296,117244.242541393
28,C,1,Navicula,36.1912,146555.303176741
28,C,7,Navicula,31.5850472727273,127902.810045156
28,C,10,Pseudanabaena,392.181003636364,21085.7722542317
28,C,16,Pseudanabaena,471.088786666667,25328.2815207081
28,C,7,Pseudanabaena,442.190661818182,23774.5620047713
28,C,1,Pseudanabaena,144.7648,7783.33875156204
28,C,16,Rhodomonas,33.0890971428571,7861.47751419315
28,C,7,Rhodomonas,42.5520775757576,10109.7409699567
28,C,10,Rhodomonas,43.7825248780488,10402.0769547556
28,C,1,Rhodomonas,31.1801107692308,7407.93073452816
28,C,7,Small dinoflagellate,40.534144,57723.2821854028
28,C,1,Small dinoflagellate,34.743552,49477.0990160596
28,C,10,Small dinoflagellate,28.95296,41230.9158467163
28,C,1,Trachelomonas,28.95296,76794.0183197309
28,D,8,Chlamydomonas,36.8492218181818,8342.57365706773
28,D,11,Chlamydomonas,36.9954488888889,8375.67910808784
28,D,2,Chlamydomonas,32.1699555555556,7283.19922442421
28,D,13,Chlamydomonas,28.95296,6554.87930198179
28,D,8,Chroomonas,75.5534384761905,3522.93535435915
28,D,11,Chroomonas,88.4324104347826,4123.46110878954
28,D,13,Chroomonas,66.0882782608696,3081.59015247617
28,D,2,Chroomonas,85.4465404878049,3984.23479411901
28,D,11,Chrysochromulina parva,36.1912,1892.08568700945
28,D,8,Chrysochromulina parva,28.95296,1513.66854960756
28,D,13,Chrysochromulina parva,28.95296,1513.66854960756
28,D,2,Chrysochromulina parva,40.534144,2119.13596945059
28,D,13,Crucigenia tetrapedia,115.81184,52.6059914117021
28,D,11,Cryptomonas,36.1912,38309.6268925836
28,D,13,Cryptomonas,32.3591905882353,34253.3134568983
28,D,8,Cryptomonas,28.95296,30647.7015140669
28,D,2,Cryptomonas,28.95296,30647.7015140669
28,D,8,Cyclotella,28.95296,53676.6734836952
28,D,8,Desmodesmus,115.81184,6346.06410209122
28,D,11,Desmodesmus,115.81184,6346.06410209122
28,D,2,Desmodesmus,115.81184,6346.06410209123
28,D,8,Eunotia,40.2124444444444,63934.6065981895
28,D,13,Eunotia,31.848256,50636.2084257661
28,D,2,Eunotia,28.95296,46032.9167506965
28,D,11,Eunotia,38.6039466666667,61377.222334262
28,D,8,Golenkinia,28.95296,10803.0469311616
28,D,13,Monoraphidium,33.7784533333333,1522.30098917321
28,D,2,Monoraphidium contortum,43.42944,1957.24412893698
28,D,8,Navicula,35.3869511111111,143298.518661702
28,D,11,Navicula,37.638848,152417.515303811
28,D,13,Navicula,33.9882573913043,137634.54559207
28,D,2,Navicula,28.95296,117244.242541393
28,D,8,Pseudanabaena,308.831573333333,16604.4560033324
28,D,13,Pseudanabaena,491.107755471698,26404.6095760539
28,D,2,Pseudanabaena,301.110784,16189.344603249
28,D,11,Pseudanabaena,437.616870819672,23528.6502588203
28,D,8,Rhodomonas,33.295904,7910.61174865686
28,D,13,Rhodomonas,60.0665886567164,14270.9283979663
28,D,2,Rhodomonas,59.6876406153846,14180.8959775253
28,D,11,Rhodomonas,43.42944,10318.1892373785
28,D,13,Small dinoflagellate,28.95296,41230.9158467163
28,D,2,Small dinoflagellate,28.95296,41230.9158467163
28,D,11,Small dinoflagellate,28.95296,41230.9158467163
28,D,13,Synedra,28.95296,187856.483898029
28,D,2,Trachelomonas,28.95296,76794.0183197309
28,E,15,Chlamydomonas,40.7973527272727,9236.4208346107
28,E,4,Chlamydomonas,33.0890971428571,7491.29063083633
28,E,6,Chlamydomonas,36.7479876923077,8319.65449866919
28,E,9,Chlamydomonas,47.2059130434783,10687.3032097529
28,E,6,Chroomonas,77.3255882926829,3605.5678508763
28,E,9,Chroomonas,81.2095219512195,3786.66943242716
28,E,15,Chroomonas,89.2716266666667,4162.59241231304
28,E,4,Chroomonas,140.085533737374,6531.96319573447
28,E,4,Chrysochromulina parva,39.81032,2081.2942557104
28,E,6,Chrysochromulina parva,40.534144,2119.13596945059
28,E,9,Chrysochromulina parva,32.1699555555556,1681.8539440084
28,E,15,Chrysochromulina parva,36.8492218181818,1926.48724495508
28,E,9,Cosmarium bioculatum,28.95296,9205.31209643651
28,E,9,Cryptomonas,28.95296,30647.7015140669
28,E,4,Cryptomonas,28.95296,30647.7015140669
28,E,6,Cryptomonas,36.1912,38309.6268925836
28,E,15,Cryptomonas,28.95296,30647.7015140669
28,E,4,Cyclotella,28.95296,53676.6734836952
28,E,6,Desmodesmus,115.81184,6346.06410209123
28,E,4,Desmodesmus,115.81184,6346.06410209122
28,E,9,Desmodesmus,115.81184,6346.06410209122
28,E,4,Eunotia,28.95296,46032.9167506965
28,E,9,Eunotia,36.1912,57541.1459383706
28,E,15,Eunotia,32.57208,51787.0313445335
28,E,6,Eunotia,28.95296,46032.9167506965
28,E,9,Merismopedia,193.019733333333,293.020694112623
28,E,4,Merismopedia,115.81184,175.812416467574
28,E,15,Monoraphidium,33.4072615384615,1505.5724068746
28,E,9,Monoraphidium contortum,28.95296,1304.82941929132
28,E,6,Monoraphidium contortum,28.95296,1304.82941929132
28,E,9,Navicula,33.8811234042553,137200.709356949
28,E,4,Navicula,33.7784533333333,136784.949631625
28,E,15,Navicula,34.743552,140693.091049671
28,E,6,Navicula,37.8615630769231,153319.394092591
28,E,15,Oocystis,57.90592,11924.8424320551
28,E,4,Oocystis,115.81184,23849.6848641102
28,E,9,Pseudanabaena,532.734464,28642.6866057483
28,E,15,Pseudanabaena,428.03430054054,23013.4394438078
28,E,4,Pseudanabaena,603.186666666667,32430.5781315085
28,E,6,Pseudanabaena,337.301984,18135.1792911396
28,E,15,Rhodomonas,35.1571657142857,8352.81985883022
28,E,4,Rhodomonas,28.95296,6878.79282491901
28,E,9,Rhodomonas,42.4194530232558,10078.2313481371
28,E,6,Rhodomonas,53.3642792156863,12678.5593243605
28,E,4,Selenastrum,463.24736,524138.721244957
28,E,9,Small dinoflagellate,28.95296,41230.9158467163
28,E,15,Small dinoflagellate,28.95296,41230.9158467163
28,E,4,Small dinoflagellate,28.95296,41230.9158467163
28,E,4,Trachelomonas,28.95296,76794.0183197309
28,I,12,Chlamydomonas,34.4678095238095,7803.42774045451
28,I,5,Chlamydomonas,43.42944,9832.31895297269
28,I,14,Chlamydomonas,34.5208369230769,7815.43301390136
28,I,3,Chlamydomonas,35.1571657142857,7959.4962952636
28,I,3,Chroomonas,111.891126666667,5217.30332759506
28,I,12,Chroomonas,80.1256334883721,3736.12945618041
28,I,14,Chroomonas,88.306528,4117.59141326101
28,I,5,Chroomonas,85.8488930232558,4002.99584590758
28,I,14,Chrysochromulina parva,31.0210285714286,1621.78773172239
28,I,12,Chrysochromulina parva,36.1912,1892.08568700945
28,I,3,Chrysochromulina parva,28.95296,1513.66854960756
28,I,5,Chrysochromulina parva,31.5850472727273,1651.27478139007
28,I,5,Closterium,28.95296,3703.94952057571
28,I,14,Crucigenia tetrapedia,130.28832,59.1817403381648
28,I,3,Cryptomonas,28.95296,30647.7015140669
28,I,5,Cryptomonas,28.95296,30647.7015140669
28,I,12,Cryptomonas,28.95296,30647.7015140669
28,I,14,Cryptomonas,33.0890971428571,35025.944587505
28,I,14,Cyanodictyon reticulatum,144.7648,661.442447339757
28,I,14,Cyclotella,28.95296,53676.6734836952
28,I,3,Desmodesmus,115.81184,6346.06410209122
28,I,5,Desmodesmus,115.81184,6346.06410209122
28,I,14,Desmodesmus,115.81184,6346.06410209122
28,I,12,Eunotia,57.90592,92065.8335013929
28,I,5,Eunotia,30.6560752941176,48740.7353830904
28,I,14,Eunotia,36.1912,57541.1459383706
28,I,14,Kirchneriella,173.71776,5304.42247961038
28,I,14,Micractinium,115.81184,31047.1360633785
28,I,3,Monoraphidium contortum,28.95296,1304.82941929132
28,I,14,Monoraphidium contortum,38.6039466666667,1739.7725590551
28,I,3,Navicula,28.95296,117244.242541393
28,I,5,Navicula,38.096,154268.740186043
28,I,12,Navicula,28.95296,117244.242541393
28,I,14,Navicula,38.1652654545454,154549.228804563
28,I,14,Oocystis,115.81184,23849.6848641102
28,I,12,Pseudanabaena,445.017718518519,23926.5598659129
28,I,3,Pseudanabaena,676.77544,36387.1086635525
28,I,5,Pseudanabaena,289.5296,15566.6775031241
28,I,14,Pseudanabaena,534.516184615385,28738.4815442291
28,I,3,Rhodomonas,49.8161223529412,11835.5700075812
28,I,5,Rhodomonas,44.8303896774194,10651.0340514875
28,I,12,Rhodomonas,47.04856,11178.0383404934
28,I,14,Rhodomonas,43.42944,10318.1892373785
28,I,5,Small dinoflagellate,28.95296,41230.9158467163
28,I,12,Small dinoflagellate,28.95296,41230.9158467163
28,I,3,Small dinoflagellate,28.95296,41230.9158467163
28,I,14,Small dinoflagellate,28.95296,41230.9158467163
28,I,3,Trachelomonas,28.95296,76794.0183197309
36,C,7,Chlamydomonas,43.42944,9832.31895297268
36,C,1,Chlamydomonas,36.1912,8193.59912747724
36,C,1,Chroomonas,71.1614920481928,3318.14595419809
36,C,7,Chroomonas,71.62048,3339.54782438771
36,C,1,Chrysochromulina parva,28.95296,1513.66854960756
36,C,7,Chrysochromulina parva,28.95296,1513.66854960756
36,C,7,Cosmarium bioculatum,28.95296,9205.31209643651
36,C,1,Cosmarium crenatum,28.95296,632955.863300882
36,C,1,Crucigenia tetrapedia,115.81184,52.6059914117021
36,C,1,Cryptomonas,32.1699555555556,34053.0016822965
36,C,7,Cryptomonas,28.95296,30647.7015140669
36,C,1,Desmodesmus,115.81184,6346.06410209123
36,C,7,Eunotia,31.5850472727273,50217.7273643961
36,C,1,Eunotia,28.95296,46032.9167506965
36,C,1,Gomphonema,28.95296,136383.034609657
36,C,1,Monoraphidium contortum,28.95296,1304.82941929132
36,C,7,Monoraphidium contortum,28.95296,1304.82941929132
36,C,7,Navicula,28.95296,117244.242541393
36,C,1,Navicula,33.52448,135756.491363718
36,C,1,Oocystis,57.90592,11924.8424320551
36,C,1,Pseudanabaena,426.822668387097,22948.2955449281
36,C,7,Pseudanabaena,289.5296,15566.6775031241
36,C,1,Rhodomonas,38.6039466666667,9171.72376655868
36,C,7,Rhodomonas,37.1353182608696,8822.7994928309
36,C,7,Small dinoflagellate,28.95296,41230.9158467163
36,C,1,Small dinoflagellate,28.95296,41230.9158467163
36,D,8,Chlamydomonas,37.9605475555556,8594.17508482057
36,D,2,Chlamydomonas,41.3613714285714,9364.11328854542
36,D,8,Chroomonas,88.3989310638298,4121.90001955323
36,D,2,Chroomonas,115.500517849462,5385.60343493684
36,D,2,Chrysochromulina parva,28.95296,1513.66854960756
36,D,8,Chrysochromulina parva,36.1912,1892.08568700945
36,D,2,Crucigenia tetrapedia,115.81184,52.6059914117021
36,D,8,Cryptomonas,28.95296,30647.7015140669
36,D,2,Cryptomonas,32.1699555555556,34053.0016822965
36,D,2,Cyclotella,28.95296,53676.6734836952
36,D,8,Desmodesmus,115.81184,6346.06410209122
36,D,2,Desmodesmus,115.81184,6346.06410209123
36,D,8,Eunotia,28.95296,46032.9167506965
36,D,2,Eunotia,28.95296,46032.9167506965
36,D,2,Merismopedia,926.49472,1406.49933174059
36,D,2,Monoraphidium,28.95296,1304.82941929132
36,D,2,Navicula,28.95296,117244.242541393
36,D,8,Navicula,32.1699555555556,130271.380601548
36,D,2,Pseudanabaena,359.016704,19302.6801038739
36,D,8,Pseudanabaena,413.965725957447,22257.0367704242
36,D,2,Rhodomonas,47.6517466666667,11321.3465243459
36,D,8,Rhodomonas,33.7784533333333,8025.25829573884
36,D,8,Small dinoflagellate,28.95296,41230.9158467163
36,E,6,Chlamydomonas,44.4278179310345,10058.3492737307
36,E,4,Chlamydomonas,47.2898346666667,10706.3028599036
36,E,4,Chroomonas,95.544768,4455.09890615126
36,E,6,Chroomonas,71.1235756521739,3316.37797361721
36,E,4,Chrysochromulina parva,36.6737493333333,1917.31349616958
36,E,6,Chrysochromulina parva,36.1912,1892.08568700945
36,E,6,Cryptomonas,28.95296,30647.7015140669
36,E,4,Cryptomonas,36.1912,38309.6268925836
36,E,4,Desmodesmus,115.81184,6346.06410209122
36,E,6,Desmodesmus,124.720443076923,6834.22287917517
36,E,4,Eunotia,28.95296,46032.9167506965
36,E,6,Eunotia,28.95296,46032.9167506965
36,E,4,Kirchneriella,115.81184,3536.28165307358
36,E,6,Merismopedia,115.81184,175.812416467574
36,E,4,Merismopedia,347.43552,527.437249402722
36,E,4,Monoraphidium contortum,28.95296,1304.82941929132
36,E,6,Monoraphidium contortum,28.95296,1304.82941929132
36,E,6,Navicula,28.95296,117244.242541393
36,E,4,Navicula,43.42944,175866.363812089
36,E,4,Oocystis,144.7648,29812.1060801377
36,E,6,Pseudanabaena,150.555392,8094.67230162452
36,E,4,Pseudanabaena,621.799283809524,33431.2931138522
36,E,4,Rhodomonas,49.220032,11693.9478023623
36,E,6,Rhodomonas,38.1652654545454,9067.49963284778
36,E,4,Small dinoflagellate,28.95296,41230.9158467163
36,E,6,Small dinoflagellate,28.95296,41230.9158467163
36,I,3,Chlamydomonas,36.1912,8193.59912747724
36,I,5,Chlamydomonas,33.7784533333333,7647.35918564542
36,I,3,Chroomonas,79.9653180952381,3728.65420716844
36,I,5,Chroomonas,107.314775652174,5003.91543806844
36,I,3,Chrysochromulina parva,36.1912,1892.08568700945
36,I,5,Chrysochromulina parva,36.8492218181818,1926.48724495508
36,I,5,Cosmarium bioculatum,28.95296,9205.31209643651
36,I,3,Cryptomonas,28.95296,30647.7015140669
36,I,5,Cryptomonas,32.1699555555556,34053.0016822965
36,I,5,Desmodesmus,115.81184,6346.06410209122
36,I,3,Desmodesmus,173.71776,9519.09615313684
36,I,5,Eunotia,28.95296,46032.9167506965
36,I,3,Eunotia,38.6039466666667,61377.222334262
36,I,3,Merismopedia,173.71776,263.718624701361
36,I,5,Merismopedia,115.81184,175.812416467574
36,I,5,Monoraphidium contortum,28.95296,1304.82941929132
36,I,3,Monoraphidium contortum,28.95296,1304.82941929132
36,I,5,Navicula,32.1699555555556,130271.380601548
36,I,3,Navicula,28.95296,117244.242541393
36,I,3,Pseudanabaena,467.8798336,25155.7508450485
36,I,5,Pseudanabaena,281.9104,15157.0280951471
36,I,5,Rhodomonas,35.7086506666667,8483.84448406678
36,I,3,Rhodomonas,87.1841941573034,20713.6682817786
36,I,5,Small dinoflagellate,28.95296,41230.9158467163
