ExpDay,Treatment,mesocosm,Genus,abund,label,fun_grp,indiv_vol,biovolume
0,D,11,Plagioselmis,878.85,CryRho000_3202546,I,77.4146568923807,68035.8712098688
0,D,11,Centrales,403.2,BacCyc000_3193095,VI,5861.0694928046,2363183.21949881
0,D,11,Cryptomonas,72.45,CryCry000_3202413,V,1570.97701650429,113817.284845736
0,D,11,Golenkinia,3.15,ChlGolrad_2641100,IV,2144.66058485063,6755.68084227949
0,D,11,Merismopedia,9.45,CyaMer000_0000000,I,0.116238921777732,24.1660718375905
0,D,11,Chrysochromulina,15.75,PryChr000_3202213,I,41.8317354512224,658.849833356753
0,D,11,Quadrigula,6.3,ChlQua000_2641259,IV,220.539804282003,6947.00383488311
0,D,11,Chlamydomonas,6.3,ChlChl000_5271004,I,75.43548062953,475.243527966039
0,E,9,Plagioselmis,647.854166666667,CryRho000_3202546,I,77.4146568923807,50153.4080287992
0,E,9,Centrales,408.375,BacCyc000_3193095,VI,5861.0694928046,2393514.25412408
0,E,9,Cryptomonas,85.7083333333333,CryCry000_3202413,V,1570.97701650429,134645.821789555
0,E,9,Chrysochromulina,2.52083333333333,PryChr000_3202213,I,41.8317354512224,105.450833116623
0,E,9,Chlamydomonas,70.5833333333333,ChlChl000_5271004,I,75.43548062953,5324.48767443432
0,E,9,Merismopedia,17.6458333333333,CyaMer000_0000000,I,0.116238921777732,45.1249180917971
0,E,9,Koliella,2.52083333333333,TreKollon_2638730,IV,111.258112646547,280.46315896317
0,I,12,Plagioselmis,425.618181818182,CryRho000_3202546,I,77.4146568923807,32949.0855126134
0,I,12,Centrales,210.722727272727,BacCyc000_3193095,VI,5861.0694928046,1235060.54825876
0,I,12,Cryptomonas,85.5409090909091,CryCry000_3202413,V,1570.97701650429,134382.802152701
0,I,12,Chrysochromulina,6.25909090909091,PryChr000_3202213,I,41.8317354512224,261.828635074242
0,I,12,Chlamydomonas,39.6409090909091,ChlChl000_5271004,I,75.43548062953,2990.33102986423
0,I,12,Golenkinia,2.08636363636364,ChlGolrad_2641100,IV,2144.66058485063,4474.54185657473
0,I,12,Tetraedron,4.17272727272727,ChlTet000_2672378,IV,27,112.663636363636
0,I,12,Oocystis,2.08636363636364,TreOoc000_2641454,IV,211.647598311258,441.573852840307
0,I,12,Merismopedia,4.17272727272727,CyaMer000_0000000,I,0.116238921777732,10.6707330191958
0,C,16,Plagioselmis,576.065217391304,CryRho000_3202546,I,77.4146568923807,44595.8911519825
0,C,16,Cryptomonas,39.4565217391304,CryCry000_3202413,V,1570.97701650429,61985.2888033759
0,C,16,Centrales,220.95652173913,BacCyc000_3193095,VI,5861.0694928046,1295041.52880143
0,C,16,Chlamydomonas,55.2391304347826,ChlChl000_5271004,I,75.43548062953,4166.99035390512
0,C,16,Chrysochromulina,76.2826086956522,PryChr000_3202213,I,41.8317354512224,3191.03390648564
0,C,16,Merismopedia,10.5217391304348,CyaMer000_0000000,I,0.116238921777732,26.9067834584629
0,C,16,Elakatothrix,10.5217391304348,KleElagel_2641001,IV,62.6744384967178,1318.88818401789
0,C,1,Cryptomonas,70.06,CryCry000_3202413,V,1570.97701650429,110062.649776291
0,C,1,Plagioselmis,474.6,CryRho000_3202546,I,77.4146568923807,36740.9961611239
0,C,1,Centrales,128.82,BacCyc000_3193095,VI,5861.0694928046,755022.972063088
0,C,1,Chlamydomonas,58.76,ChlChl000_5271004,I,75.43548062953,4432.58884179118
0,C,1,Chrysochromulina,110.74,PryChr000_3202213,I,41.8317354512224,4632.44638386837
0,C,1,Eudorina,2.26,ChlEud000_0000000,VII,245.305719363666,554.390925761886
0,C,1,Desmodesmus,2.26,ChlDes000_2652440,IV,40.687969226831,367.819241810552
0,C,1,Merismopedia,9.04,CyaMer000_0000000,I,0.116238921777732,23.1175967631554
0,D,2,Plagioselmis,637.884615384615,CryRho000_3202546,I,77.4146568923807,49381.6186369282
0,D,2,Centrales,235.480769230769,BacCyc000_3193095,VI,5861.0694928046,1380169.15268062
0,D,2,Chrysochromulina,95.3846153846154,PryChr000_3202213,I,41.8317354512224,3990.10399688583
0,D,2,Quadrigula,14.9038461538462,ChlQua000_2641259,IV,220.539804282003,16434.4565690916
0,D,2,Cryptomonas,125.192307692308,CryCry000_3202413,V,1570.97701650429,196674.238027749
0,D,2,Chlamydomonas,83.4615384615385,ChlChl000_5271004,I,75.43548062953,6295.96126792616
0,D,2,Merismopedia,23.8461538461538,CyaMer000_0000000,I,0.116238921777732,60.9807266557026
0,E,15,Merismopedia,14.6130952380952,CyaMer000_0000000,I,0.116238921777732,37.3694295548531
0,E,15,Plagioselmis,634.208333333333,CryRho000_3202546,I,77.4146568923807,49097.0205232886
0,E,15,Chrysochromulina,75.9880952380952,PryChr000_3202213,I,41.8317354512224,3178.71389744229
0,E,15,Centrales,324.410714285714,BacCyc000_3193095,VI,5861.0694928046,1901393.74063895
0,E,15,Chlamydomonas,58.4523809523809,ChlChl000_5271004,I,75.43548062953,4409.38345108324
0,E,15,Cryptomonas,37.9940476190476,CryCry000_3202413,V,1570.97701650429,59687.7755734935
0,E,15,Quadrigula,14.6130952380952,ChlQua000_2641259,IV,220.539804282003,16113.845818819
0,I,5,Plagioselmis,805.095588235294,CryRho000_3202546,I,77.4146568923807,62326.1987288047
0,I,5,Centrales,252.720588235294,BacCyc000_3193095,VI,5861.0694928046,1481212.92990951
0,I,5,Chlamydomonas,176.904411764706,ChlChl000_5271004,I,75.43548062953,13344.8693269549
0,I,5,Chrysochromulina,122.75,PryChr000_3202213,I,41.8317354512224,5134.84552663755
0,I,5,Quadrigula,36.1029411764706,ChlQua000_2641259,IV,220.539804282003,39810.6779053175
0,I,5,Cryptomonas,108.308823529412,CryCry000_3202413,V,1570.97701650429,170150.672449325
0,I,5,Merismopedia,7.22058823529412,CyaMer000_0000000,I,0.116238921777732,18.4648946035745
0,I,5,Oocystis,7.22058823529412,TreOoc000_2641454,IV,211.647598311258,1528.22015839453
0,C,10,Plagioselmis,870.912,CryRho000_3202546,I,77.4146568923807,67421.353663457
0,C,10,Cryptomonas,120.96,CryCry000_3202413,V,1570.97701650429,190025.379916359
0,C,10,Centrales,391.104,BacCyc000_3193095,VI,5861.0694928046,2292287.72291385
0,C,10,Chlamydomonas,72.576,ChlChl000_5271004,I,75.43548062953,5474.80544216877
0,C,10,Chrysochromulina,80.64,PryChr000_3202213,I,41.8317354512224,3373.31114678657
0,C,10,Merismopedia,24.192,CyaMer000_0000000,I,0.116238921777732,61.8651439042318
0,C,10,Cosmarium,4.032,ZygCos000_2648709,IV,97180.0298980299,391829.880548857
0,C,10,Quadrigula,8.064,ChlQua000_2641259,IV,220.539804282003,8892.16490865038
0,E,6,Plagioselmis,619.52,CryRho000_3202546,I,77.4146568923807,47959.9282379677
0,E,6,Cryptomonas,129.066666666667,CryCry000_3202413,V,1570.97701650429,202760.766930154
0,E,6,Chlamydomonas,100.026666666667,ChlChl000_5271004,I,75.43548062953,7545.55967576979
0,E,6,Chrysochromulina,109.706666666667,PryChr000_3202213,I,41.8317354512224,4589.22025723544
0,E,6,Centrales,306.533333333333,BacCyc000_3193095,VI,5861.0694928046,1796613.1685277
0,E,6,Quadrigula,12.9066666666667,ChlQua000_2641259,IV,220.539804282003,14232.1687029986
0,E,6,Oocystis,22.5866666666667,TreOoc000_2641454,IV,211.647598311258,4780.41375385695
0,E,6,Merismopedia,19.36,CyaMer000_0000000,I,0.116238921777732,49.5084815635717
0,D,8,Cryptomonas,55.08,CryCry000_3202413,V,1570.97701650429,86529.4140690565
0,D,8,Chlamydomonas,64.26,ChlChl000_5271004,I,75.43548062953,4847.4839852536
0,D,8,Plagioselmis,447.525,CryRho000_3202546,I,77.4146568923807,34644.9943257627
0,D,8,Centrales,234.09,BacCyc000_3193095,VI,5861.0694928046,1372017.75757063
0,D,8,Quadrigula,11.475,ChlQua000_2641259,IV,220.539804282003,12653.4712706799
0,D,8,Chrysochromulina,112.455,PryChr000_3202213,I,41.8317354512224,4704.18781016721
0,D,8,Merismopedia,9.18,CyaMer000_0000000,I,0.116238921777732,23.4756126422308
0,D,8,Tetraedron,2.295,ChlTet000_2672378,IV,27,61.965
0,D,8,Oocystis,2.295,TreOoc000_2641454,IV,211.647598311258,485.731238124338
0,I,3,Cryptomonas,116.25,CryCry000_3202413,V,1570.97701650429,182626.078168624
0,I,3,Chlamydomonas,155,ChlChl000_5271004,I,75.43548062953,11692.4994975772
0,I,3,Plagioselmis,584.772727272727,CryRho000_3202546,I,77.4146568923807,45269.9800418399
0,I,3,Centrales,440.340909090909,BacCyc000_3193095,VI,5861.0694928046,2580868.66870657
0,I,3,Chrysochromulina,151.477272727273,PryChr000_3202213,I,41.8317354512224,6336.55719959994
0,I,3,Merismopedia,7.04545454545455,CyaMer000_0000000,I,0.116238921777732,18.0170328755485
0,I,3,Quadrigula,14.0909090909091,ChlQua000_2641259,IV,220.539804282003,15538.031665323
0,I,3,Tetraedron,3.52272727272727,ChlTet000_2672378,IV,27,95.1136363636364
0,I,14,Cryptomonas,62.7388888888889,CryCry000_3202413,V,1570.97701650429,98561.352485461
0,I,14,Plagioselmis,529.188888888889,CryRho000_3202546,I,77.4146568923807,40966.9762645935
0,I,14,Centrales,433.716666666667,BacCyc000_3193095,VI,5861.0694928046,2542043.5235209
0,I,14,Chrysochromulina,73.65,PryChr000_3202213,I,41.8317354512224,3080.90731598253
0,I,14,Quadrigula,35.4611111111111,ChlQua000_2641259,IV,220.539804282003,39102.9325203341
0,I,14,Chlamydomonas,60.0111111111111,ChlChl000_5271004,I,75.43548062953,4526.96700977879
0,I,14,Merismopedia,13.6388888888889,CyaMer000_0000000,I,0.116238921777732,34.8781342511962
0,I,14,Ankyra,2.72777777777778,ChlAnkjud_2642105,IV,32.5417369775149,88.7666269775545
0,E,4,Cryptomonas,87.8888888888889,CryCry000_3202413,V,1570.97701650429,138071.424450544
0,E,4,Plagioselmis,455.138888888889,CryRho000_3202546,I,77.4146568923807,35234.4209217127
0,E,4,Chrysochromulina,78.4722222222222,PryChr000_3202213,I,41.8317354512224,3282.62924026953
0,E,4,Chlamydomonas,94.1666666666667,ChlChl000_5271004,I,75.43548062953,7103.50775928074
0,E,4,Centrales,404.916666666667,BacCyc000_3193095,VI,5861.0694928046,2373244.72212813
0,E,4,Quadrigula,15.6944444444444,ChlQua000_2641259,IV,220.539804282003,17306.2485304628
0,D,13,Plagioselmis,553.349206349206,CryRho000_3202546,I,77.4146568923807,42837.338951195
0,D,13,Chlamydomonas,179.253968253968,ChlChl000_5271004,I,75.43548062953,13522.1092499886
0,D,13,Centrales,736.5,BacCyc000_3193095,VI,5861.0694928046,4316677.68145059
0,D,13,Chrysochromulina,66.2460317460317,PryChr000_3202213,I,41.8317354512224,2771.18647469328
0,D,13,Cryptomonas,54.5555555555556,CryCry000_3202413,V,1570.97701650429,85705.5239004009
0,D,13,Merismopedia,15.5873015873016,CyaMer000_0000000,I,0.116238921777732,39.86072485851
0,D,13,Quadrigula,15.5873015873016,ChlQua000_2641259,IV,220.539804282003,17188.1022067403
0,D,13,Desmodesmus,7.79365079365079,ChlDes000_2652440,IV,40.687969226831,1268.43129462692
0,D,13,Elakatothrix,3.8968253968254,KleElagel_2641001,IV,62.6744384967178,488.462687331562
20,C,7,Merismopedia,70.7264150943396,CyaMer000_0000000,I,0.116238921777732,180.865569098948
20,C,7,Plagioselmis,118.358490566038,CryRho000_3202546,I,77.4146568923807,9162.68193746989
20,C,7,Centrales,242.490566037736,BacCyc000_3193095,VI,5861.0694928046,1421254.05889669
20,C,7,Cryptomonas,7.21698113207547,CryCry000_3202413,V,1570.97701650429,11337.7114870357
20,C,7,Chlamydomonas,12.9905660377358,ChlChl000_5271004,I,75.43548062953,979.949592706253
20,C,7,Quadrigula,28.8679245283019,ChlQua000_2641259,IV,220.539804282003,31832.6321274967
20,C,7,Chrysochromulina,37.5283018867925,PryChr000_3202213,I,41.8317354512224,1569.87399646191
20,C,7,Elakatothrix,12.9905660377358,KleElagel_2641001,IV,62.6744384967178,1628.35286433925
20,C,7,Tetraedron,1.44339622641509,ChlTet000_2672378,IV,27,38.9716981132075
20,I,3,Merismopedia,66.55,CyaMer000_0000000,I,0.116238921777732,170.185405374778
20,I,3,Oocystis,12.1,TreOoc000_2641454,IV,211.647598311258,2560.93593956622
20,I,3,Quadrigula,26.2166666666667,ChlQua000_2641259,IV,220.539804282003,28909.092677966
20,I,3,Centrales,52.4333333333333,BacCyc000_3193095,VI,5861.0694928046,307315.410406054
20,I,3,Desmodesmus,110.916666666667,ChlDes000_2652440,IV,40.687969226831,18051.895680304
20,I,3,Cryptomonas,24.2,CryCry000_3202413,V,1570.97701650429,38017.6437994039
20,I,3,Chlamydomonas,16.1333333333333,ChlChl000_5271004,I,75.43548062953,1217.02575415642
20,I,3,Chrysochromulina,14.1166666666667,PryChr000_3202213,I,41.8317354512224,590.524665453089
20,I,3,Elakatothrix,82.6833333333333,KleElagel_2641001,IV,62.6744384967178,10364.2629794072
20,I,3,Plagioselmis,24.2,CryRho000_3202546,I,77.4146568923807,1873.43469679561
20,I,3,Ankyra,14.1166666666667,ChlAnkjud_2642105,IV,32.5417369775149,459.380853665918
20,I,3,Coelastrum,4.03333333333333,ChlCoe000_7749802,IV,167.373863544576,675.074582963124
20,I,3,Sphaerocystis,4.03333333333333,ChlSph000_2639562,I,62.6538811980344,252.703987498739
20,D,8,Chrysochromulina,30,PryChr000_3202213,I,41.8317354512224,1254.95206353667
20,D,8,Merismopedia,54,CyaMer000_0000000,I,0.116238921777732,138.091839071946
20,D,8,Elakatothrix,12,KleElagel_2641001,IV,62.6744384967178,1504.18652392123
20,D,8,Centrales,66,BacCyc000_3193095,VI,5861.0694928046,386830.586525103
20,D,8,Cryptomonas,18,CryCry000_3202413,V,1570.97701650429,28277.5862970773
20,D,8,Quadrigula,6,ChlQua000_2641259,IV,220.539804282003,6616.1941284601
20,D,8,Plagioselmis,6,CryRho000_3202546,I,77.4146568923807,464.487941354284
20,D,8,Oocystis,12,TreOoc000_2641454,IV,211.647598311258,2539.7711797351
20,D,8,Desmodesmus,12,ChlDes000_2652440,IV,40.687969226831,1953.02252288789
20,D,8,Chlamydomonas,6,ChlChl000_5271004,I,75.43548062953,452.61288377718
20,E,6,Quadrigula,67.1666666666667,ChlQua000_2641259,IV,220.539804282003,74064.6176047062
20,E,6,Merismopedia,82.6666666666667,CyaMer000_0000000,I,0.116238921777732,211.399852406436
20,E,6,Desmodesmus,69.75,ChlDes000_2652440,IV,40.687969226831,11351.9434142858
20,E,6,Cryptomonas,165.333333333333,CryCry000_3202413,V,1570.97701650429,259734.86672871
20,E,6,Plagioselmis,294.5,CryRho000_3202546,I,77.4146568923807,22798.6164548061
20,E,6,Centrales,116.25,BacCyc000_3193095,VI,5861.0694928046,681349.328538534
20,E,6,Sphaerocystis,12.9166666666667,ChlSph000_2639562,I,62.6538811980344,809.279298807944
20,E,6,Elakatothrix,43.9166666666667,KleElagel_2641001,IV,62.6744384967178,5504.90484796171
20,E,6,Chrysochromulina,10.3333333333333,PryChr000_3202213,I,41.8317354512224,432.261266329298
20,E,6,Ankyra,12.9166666666667,ChlAnkjud_2642105,IV,32.5417369775149,420.330769292901
20,E,6,Chlamydomonas,28.4166666666667,ChlChl000_5271004,I,75.43548062953,2143.62490788914
20,E,6,Oocystis,18.0833333333333,TreOoc000_2641454,IV,211.647598311258,3827.29406946192
20,E,6,Snowella,2.58333333333333,CyaSno000_3217087,I,4.65095483030042,696.86806540668
20,I,14,Sphaerocystis,15.481981981982,ChlSph000_2639562,I,62.6538811980344,970.006259809208
20,I,14,Desmodesmus,117.220720720721,ChlDes000_2652440,IV,40.687969226831,19077.8923097265
20,I,14,Plagioselmis,22.1171171171171,CryRho000_3202546,I,77.4146568923807,1712.18903307022
20,I,14,Centrales,115.009009009009,BacCyc000_3193095,VI,5861.0694928046,674075.794100392
20,I,14,Chlamydomonas,64.1396396396396,ChlChl000_5271004,I,75.43548062953,4838.40454362107
20,I,14,Merismopedia,86.2567567567568,CyaMer000_0000000,I,0.116238921777732,220.58063283189
20,I,14,Elakatothrix,59.7162162162162,KleElagel_2641001,IV,62.6744384967178,7485.36064099989
20,I,14,Cryptomonas,55.2927927927928,CryCry000_3202413,V,1570.97701650429,86863.7066558117
20,I,14,Quadrigula,28.7522522522523,ChlQua000_2641259,IV,220.539804282003,31705.0804218925
20,I,14,Cryptomonas,2.21171171171171,CryCry000_3202413,V,1570.97701650429,3474.54826623247
20,I,14,Sphaerocystis,2.21171171171171,ChlSph000_2639562,I,62.6538811980344,138.572322829887
20,I,14,Oocystis,28.7522522522523,TreOoc000_2641454,IV,211.647598311258,6085.34513522865
20,I,14,Ankyra,11.0585585585586,ChlAnkjud_2642105,IV,32.5417369775149,359.864703963059
20,I,14,Tetraedron,2.21171171171171,ChlTet000_2672378,IV,27,59.7162162162162
20,I,14,Coelastrum,2.21171171171171,ChlCoe000_7749802,IV,167.373863544576,370.182734235977
20,D,11,Plagioselmis,38.5426356589147,CryRho000_3202546,I,77.4146568923807,2983.76491526292
20,D,11,Chroomonas,52.5581395348837,CryChr000_3202572,I,628.318530717959,33023.2530098276
20,D,11,Merismopedia,66.5736434108527,CyaMer000_0000000,I,0.116238921777732,170.24586763564
20,D,11,Quadrigula,26.2790697674419,ChlQua000_2641259,IV,220.539804282003,28977.9045161237
20,D,11,Centrales,87.5968992248062,BacCyc000_3193095,VI,5861.0694928046,513411.51371079
20,D,11,Cryptomonas,19.2713178294574,CryCry000_3202413,V,1570.97701650429,30274.7973878269
20,D,11,Chlamydomonas,24.5271317829457,ChlChl000_5271004,I,75.43548062953,1850.21597451033
20,D,11,Desmodesmus,54.3100775193798,ChlDes000_2652440,IV,40.687969226831,8839.06705126132
20,D,11,Elakatothrix,50.8062015503876,KleElagel_2641001,IV,62.6744384967178,6368.50030864323
20,D,11,Koliella,3.50387596899225,TreKollon_2638730,IV,111.258112646547,389.834627257668
20,D,11,Ankyra,8.75968992248062,ChlAnkjud_2642105,IV,32.5417369775149,285.055525461952
20,D,11,Sphaerocystis,15.7674418604651,ChlSph000_2639562,I,62.6538811980344,987.891429122495
20,D,11,Oocystis,26.2790697674419,TreOoc000_2641454,IV,211.647598311258,5561.90200213306
20,D,11,Chrysochromulina,1.75193798449612,PryChr000_3202213,I,41.8317354512224,73.2866062943896
20,E,4,Cryptomonas,41.9395833333333,CryCry000_3202413,V,1570.97701650429,65886.1214984332
20,E,4,Chroomonas,64.44375,CryChr000_3202572,I,628.318530717959,40491.2023139554
20,E,4,Elakatothrix,9.20625,KleElagel_2641001,IV,62.6744384967178,1153.99309882082
20,E,4,Centrales,27.61875,BacCyc000_3193095,VI,5861.0694928046,161875.413054397
20,E,4,Plagioselmis,91.0395833333333,CryRho000_3202546,I,77.4146568923807,7047.7981073753
20,E,4,Desmodesmus,20.4583333333333,ChlDes000_2652440,IV,40.687969226831,3329.63214839567
20,E,4,Oocystis,12.275,TreOoc000_2641454,IV,211.647598311258,2597.97426927069
20,E,4,Merismopedia,56.2604166666667,CyaMer000_0000000,I,0.116238921777732,143.872303786184
20,E,4,Golenkinia,4.09166666666667,ChlGolrad_2641100,IV,2144.66058485063,8775.23622634717
20,E,4,Sphaerocystis,5.11458333333333,ChlSph000_2639562,I,62.6538811980344,320.448496544113
20,E,4,Chlamydomonas,3.06875,ChlChl000_5271004,I,75.43548062953,231.49263118187
20,E,4,Quadrigula,5.11458333333333,ChlQua000_2641259,IV,220.539804282003,5639.84603658665
20,E,4,Koliella,1.02291666666667,TreKollon_2638730,IV,111.258112646547,113.80777772803
20,E,4,Coelastrum,1.02291666666667,ChlCoe000_7749802,IV,167.373863544576,171.209514584139
20,C,1,Merismopedia,64.8214285714286,CyaMer000_0000000,I,0.116238921777732,165.765005235173
20,C,1,Centrales,177.178571428571,BacCyc000_3193095,VI,5861.0694928046,1038455.9197787
20,C,1,Plagioselmis,136.845238095238,CryRho000_3202546,I,77.4146568923807,10593.827154499
20,C,1,Chlamydomonas,11.5238095238095,ChlChl000_5271004,I,75.43548062953,869.304110111727
20,C,1,Desmodesmus,1.44047619047619,ChlDes000_2652440,IV,40.687969226831,234.440203640312
20,C,1,Cryptomonas,5.76190476190476,CryCry000_3202413,V,1570.97701650429,9051.81995223902
20,C,1,Quadrigula,40.3333333333333,ChlQua000_2641259,IV,220.539804282003,44475.5271968707
20,C,1,Sphaerocystis,2.88095238095238,ChlSph000_2639562,I,62.6538811980344,180.502848213385
20,C,1,Sphaerocystis,1.44047619047619,ChlSph000_2639562,I,62.6538811980344,90.2514241066923
20,C,1,Cryptomonas,2.88095238095238,CryCry000_3202413,V,1570.97701650429,4525.90997611951
20,C,1,Chrysochromulina,12.9642857142857,PryChr000_3202213,I,41.8317354512224,542.318570314062
20,C,1,Elakatothrix,2.88095238095238,KleElagel_2641001,IV,62.6744384967178,361.124145623945
20,C,1,Ankyra,1.44047619047619,ChlAnkjud_2642105,IV,32.5417369775149,46.8755973128488
20,I,12,Centrales,45.2,BacCyc000_3193095,VI,5861.0694928046,264920.341074768
20,I,12,Merismopedia,46.7066666666667,CyaMer000_0000000,I,0.116238921777732,119.440916609636
20,I,12,Quadrigula,22.6,ChlQua000_2641259,IV,220.539804282003,24920.9978838664
20,I,12,Oocystis,31.64,TreOoc000_2641454,IV,211.647598311258,6696.53001056821
20,I,12,Plagioselmis,9.04,CryRho000_3202546,I,77.4146568923807,699.828498307121
20,I,12,Desmodesmus,36.16,ChlDes000_2652440,IV,40.687969226831,5885.10786896883
20,I,12,Ankyra,3.01333333333333,ChlAnkjud_2642105,IV,32.5417369775149,98.0591007589115
20,I,12,Cosmarium,1.50666666666667,ZygCos000_2648709,IV,97180.0298980299,146417.911713032
20,I,12,Koliella,18.08,TreKollon_2638730,IV,111.258112646547,2011.54667664957
20,I,12,Coelastrum,4.52,ChlCoe000_7749802,IV,167.373863544576,756.529863221484
20,I,12,Chlamydomonas,1.50666666666667,ChlChl000_5271004,I,75.43548062953,113.656124148492
20,I,12,Chrysochromulina,13.56,PryChr000_3202213,I,41.8317354512224,567.238332718575
20,I,12,Elakatothrix,31.64,KleElagel_2641001,IV,62.6744384967178,3966.0384680723
20,I,12,Cryptomonas,34.6533333333333,CryCry000_3202413,V,1570.97701650429,54439.5902119288
20,I,12,Sphaerocystis,3.01333333333333,ChlSph000_2639562,I,62.6538811980344,188.797028676744
20,I,12,Cryptomonas,7.53333333333333,CryCry000_3202413,V,1570.97701650429,11834.6935243323
20,I,12,Sphaerocystis,13.56,ChlSph000_2639562,I,62.6538811980344,849.586629045346
20,I,12,Gloeocapsa,6.02666666666667,CyaGlo000_3217637,VII,268.082573106329,1615.64430725414
20,I,12,Kirchneriella,1.50666666666667,ChlKir000_2641223,IV,106.028752058656,2875.49975583074
20,E,15,Cryptomonas,120.214285714286,CryCry000_3202413,V,1570.97701650429,188853.879912623
20,E,15,Elakatothrix,19.6714285714286,KleElagel_2641001,IV,62.6744384967178,2465.79148028515
20,E,15,Plagioselmis,190.157142857143,CryRho000_3202546,I,77.4146568923807,14720.9499699211
20,E,15,Gloeocapsa,4.37142857142857,CyaGlo000_3217637,VII,268.082573106329,1171.9038195791
20,E,15,Merismopedia,74.3142857142857,CyaMer000_0000000,I,0.116238921777732,190.04067377044
20,E,15,Cryptomonas,93.9857142857143,CryCry000_3202413,V,1570.97701650429,147649.397022596
20,E,15,Desmodesmus,85.2428571428571,ChlDes000_2652440,IV,40.687969226831,13873.4349929429
20,E,15,Coelastrum,6.55714285714286,ChlCoe000_7749802,IV,167.373863544576,1097.49433381372
20,E,15,Chlamydomonas,24.0428571428571,ChlChl000_5271004,I,75.43548062953,1813.68448427856
20,E,15,Centrales,78.6857142857143,BacCyc000_3193095,VI,5861.0694928046,461182.439519539
20,E,15,Sphaerocystis,13.1142857142857,ChlSph000_2639562,I,62.6538811980344,821.660899139936
20,E,15,Chrysochromulina,15.3,PryChr000_3202213,I,41.8317354512224,640.025552403702
20,E,15,Quadrigula,21.8571428571429,ChlQua000_2641259,IV,220.539804282003,24101.8500393904
20,E,15,Oocystis,10.9285714285714,TreOoc000_2641454,IV,211.647598311258,2313.00589583018
20,E,15,Scenedesmus,2.18571428571429,ChlScearc_2640846,IV,23.2482933092421,203.256507217945
20,D,2,Desmodesmus,98.4,ChlDes000_2652440,IV,40.687969226831,16014.7846876807
20,D,2,Merismopedia,81.6,CyaMer000_0000000,I,0.116238921777732,208.672112375385
20,D,2,Sphaerocystis,31.2,ChlSph000_2639562,I,62.6538811980344,1954.80109337867
20,D,2,Chrysochromulina,9.6,PryChr000_3202213,I,41.8317354512224,401.584660331735
20,D,2,Oocystis,86.4,TreOoc000_2641454,IV,211.647598311258,18286.3524940927
20,D,2,Quadrigula,81.6,ChlQua000_2641259,IV,220.539804282003,89980.2401470574
20,D,2,Centrales,98.4,BacCyc000_3193095,VI,5861.0694928046,576729.238091972
20,D,2,Chlamydomonas,43.2,ChlChl000_5271004,I,75.43548062953,3258.8127631957
20,D,2,Elakatothrix,21.6,KleElagel_2641001,IV,62.6744384967178,2707.53574305821
20,D,2,Sphaerocystis,4.8,ChlSph000_2639562,I,62.6538811980344,300.738629750565
20,D,2,Golenkinia,14.4,ChlGolrad_2641100,IV,2144.66058485063,30883.1124218491
20,D,2,Plagioselmis,52.8,CryRho000_3202546,I,77.4146568923807,4087.4938839177
20,D,2,Tetraedron,4.8,ChlTet000_2672378,IV,27,129.6
20,D,2,Cryptomonas,4.8,CryCry000_3202413,V,1570.97701650429,7540.68967922061
20,D,2,Cryptomonas,2.4,CryCry000_3202413,V,1570.97701650429,3770.3448396103
20,D,2,Coelastrum,2.4,ChlCoe000_7749802,IV,167.373863544576,401.697272506983
20,E,9,Desmodesmus,70.6742424242424,ChlDes000_2652440,IV,40.687969226831,11502.3656035487
20,E,9,Cryptomonas,85.5530303030303,CryCry000_3202413,V,1570.97701650429,134401.844298356
20,E,9,Cryptomonas,78.1136363636364,CryCry000_3202413,V,1570.97701650429,122714.727402847
20,E,9,Plagioselmis,154.367424242424,CryRho000_3202546,I,77.4146568923807,11950.3011830878
20,E,9,Centrales,59.5151515151515,BacCyc000_3193095,VI,5861.0694928046,348822.438905098
20,E,9,Merismopedia,70.6742424242424,CyaMer000_0000000,I,0.116238921777732,180.732150210744
20,E,9,Oocystis,18.5984848484849,TreOoc000_2641454,IV,211.647598311258,3936.32465041014
20,E,9,Chrysochromulina,14.8787878787879,PryChr000_3202213,I,41.8317354512224,622.405518380309
20,E,9,Sphaerocystis,5.57954545454546,ChlSph000_2639562,I,62.6538811980344,349.580178048124
20,E,9,Elakatothrix,7.43939393939394,KleElagel_2641001,IV,62.6744384967178,932.519675814801
20,E,9,Quadrigula,13.0189393939394,ChlQua000_2641259,IV,220.539804282003,14355.9717294933
20,E,9,Chlamydomonas,35.3371212121212,ChlChl000_5271004,I,75.43548062953,2665.67272270032
20,E,9,Sphaerocystis,3.71969696969697,ChlSph000_2639562,I,62.6538811980344,233.053452032082
20,E,9,Golenkinia,1.85984848484849,ChlGolrad_2641100,IV,2144.66058485063,3988.74373924871
20,E,9,Coelastrum,1.85984848484849,ChlCoe000_7749802,IV,167.373863544576,311.290026516617
20,E,9,Gloeocapsa,1.85984848484849,CyaGlo000_3217637,VII,268.082573106329,498.592967406089
20,D,13,Merismopedia,73.625,CyaMer000_0000000,I,0.116238921777732,188.277993549482
20,D,13,Sphaerocystis,38.75,ChlSph000_2639562,I,62.6538811980344,2427.83789642383
20,D,13,Quadrigula,19.375,ChlQua000_2641259,IV,220.539804282003,21364.7935398191
20,D,13,Centrales,62,BacCyc000_3193095,VI,5861.0694928046,363386.308553885
20,D,13,Oocystis,63.9375,TreOoc000_2641454,IV,211.647598311258,13532.2183170261
20,D,13,Elakatothrix,58.125,KleElagel_2641001,IV,62.6744384967178,7285.90347524344
20,D,13,Desmodesmus,63.9375,ChlDes000_2652440,IV,40.687969226831,10405.948129762
20,D,13,Cryptomonas,38.75,CryCry000_3202413,V,1570.97701650429,60875.3593895414
20,D,13,Plagioselmis,11.625,CryRho000_3202546,I,77.4146568923807,899.945386373925
20,D,13,Koliella,21.3125,TreKollon_2638730,IV,111.258112646547,2371.18852577953
20,D,13,Cryptomonas,15.5,CryCry000_3202413,V,1570.97701650429,24350.1437558165
20,D,13,Sphaerocystis,13.5625,ChlSph000_2639562,I,62.6538811980344,849.743263748341
20,D,13,Golenkinia,5.8125,ChlGolrad_2641100,IV,2144.66058485063,12465.8396494443
20,D,13,Chrysochromulina,7.75,PryChr000_3202213,I,41.8317354512224,324.195949746973
20,D,13,Chlamydomonas,7.75,ChlChl000_5271004,I,75.43548062953,584.624974878857
20,D,13,Monoraphidium,7.75,ChlMon000_0000000,IV,10.0902704601746,78.199596066353
20,C,10,Merismopedia,80.6666666666667,CyaMer000_0000000,I,0.116238921777732,206.285339848216
20,C,10,Quadrigula,24.968253968254,ChlQua000_2641259,IV,220.539804282003,27532.4692171104
20,C,10,Centrales,322.666666666667,BacCyc000_3193095,VI,5861.0694928046,1891171.75634495
20,C,10,Plagioselmis,111.396825396825,CryRho000_3202546,I,77.4146568923807,8623.74701699567
20,C,10,Cryptomonas,7.68253968253968,CryCry000_3202413,V,1570.97701650429,12069.093269652
20,C,10,Chrysochromulina,23.047619047619,PryChr000_3202213,I,41.8317354512224,964.121902780554
20,C,10,Snowella,1.92063492063492,CyaSno000_3217087,I,4.65095483030042,518.101603159497
20,C,10,Chlamydomonas,38.4126984126984,ChlChl000_5271004,I,75.43548062953,2897.68036703909
20,C,10,Cryptomonas,1.92063492063492,CryCry000_3202413,V,1570.97701650429,3017.27331741301
20,C,10,Elakatothrix,7.68253968253968,KleElagel_2641001,IV,62.6744384967178,962.997721663854
20,C,10,Desmodesmus,1.92063492063492,ChlDes000_2652440,IV,40.687969226831,312.586938187082
20,C,10,Sphaerocystis,3.84126984126984,ChlSph000_2639562,I,62.6538811980344,240.670464284513
20,C,10,Ankyra,5.76190476190476,ChlAnkjud_2642105,IV,32.5417369775149,187.502389251395
20,C,10,Oocystis,17.2857142857143,TreOoc000_2641454,IV,211.647598311258,3658.47991366603
20,I,5,Merismopedia,72.7407407407407,CyaMer000_0000000,I,0.116238921777732,186.01671600638
20,I,5,Sphaerocystis,18.1851851851852,ChlSph000_2639562,I,62.6538811980344,1139.37243215685
20,I,5,Centrales,110.92962962963,BacCyc000_3193095,VI,5861.0694928046,650166.268070335
20,I,5,Cryptomonas,36.3703703703704,CryCry000_3202413,V,1570.97701650429,57137.0159336006
20,I,5,Desmodesmus,76.3777777777778,ChlDes000_2652440,IV,40.687969226831,12430.6266873438
20,I,5,Chrysochromulina,5.45555555555556,PryChr000_3202213,I,41.8317354512224,228.215356739447
20,I,5,Elakatothrix,107.292592592593,KleElagel_2641001,IV,62.6744384967178,13449.0059911957
20,I,5,Chlamydomonas,18.1851851851852,ChlChl000_5271004,I,75.43548062953,1371.80818478145
20,I,5,Sphaerocystis,5.45555555555556,ChlSph000_2639562,I,62.6538811980344,341.811729647054
20,I,5,Quadrigula,12.7296296296296,ChlQua000_2641259,IV,220.539804282003,14036.9501355046
20,I,5,Oocystis,20.0037037037037,TreOoc000_2641454,IV,211.647598311258,4233.73584621891
20,I,5,Plagioselmis,43.6444444444445,CryRho000_3202546,I,77.4146568923807,3378.71969192524
20,I,5,Ankyra,34.5518518518519,ChlAnkjud_2642105,IV,32.5417369775149,1124.37727504902
20,I,5,Gloeocapsa,1.81851851851852,CyaGlo000_3217637,VII,268.082573106329,487.513123685954
20,I,5,Cryptomonas,16.3666666666667,CryCry000_3202413,V,1570.97701650429,25711.6571701203
20,I,5,Ankistrodesmus,1.81851851851852,ChlAnk000_9516573,IV,150.534647984511,273.750045038499
20,I,5,Coelastrum,1.81851851851852,ChlCoe000_7749802,IV,167.373863544576,304.372470371803
20,I,5,Snowella,3.63703703703704,CyaSno000_3217087,I,4.65095483030042,981.110308572558
20,C,16,Merismopedia,62.8,CyaMer000_0000000,I,0.116238921777732,160.595694328115
20,C,16,Elakatothrix,17.27,KleElagel_2641001,IV,62.6744384967178,2164.77510567663
20,C,16,Plagioselmis,73.79,CryRho000_3202546,I,77.4146568923807,5712.42753208877
20,C,16,Centrales,251.2,BacCyc000_3193095,VI,5861.0694928046,1472300.65659251
20,C,16,Snowella,1.57,CyaSno000_3217087,I,4.65095483030042,423.515946847156
20,C,16,Quadrigula,78.5,ChlQua000_2641259,IV,220.539804282003,86561.8731806864
20,C,16,Cryptomonas,10.99,CryCry000_3202413,V,1570.97701650429,17265.0374113822
20,C,16,Ankyra,9.42,ChlAnkjud_2642105,IV,32.5417369775149,306.54316232819
20,C,16,Chlamydomonas,12.56,ChlChl000_5271004,I,75.43548062953,947.469636706897
20,C,16,Chrysochromulina,18.84,PryChr000_3202213,I,41.8317354512224,788.10989590103
20,C,16,Sphaerocystis,7.85,ChlSph000_2639562,I,62.6538811980344,491.83296740457
20,C,16,Oocystis,1.57,TreOoc000_2641454,IV,211.647598311258,332.286729348675
20,C,16,Desmodesmus,3.14,ChlDes000_2652440,IV,40.687969226831,511.040893488997
20,C,7,Merismopedia,75.3333333333333,CyaMer000_0000000,I,0.116238921777732,192.646639692962
20,C,7,Chlamydomonas,23.0185185185185,ChlChl000_5271004,I,75.43548062953,1736.41300782418
20,C,7,Quadrigula,62.7777777777778,ChlQua000_2641259,IV,220.539804282003,69224.9941218511
20,C,7,Plagioselmis,117.185185185185,CryRho000_3202546,I,77.4146568923807,9071.8509039812
20,C,7,Centrales,393.407407407407,BacCyc000_3193095,VI,5861.0694928046,2305788.1537989
20,C,7,Oocystis,8.37037037037037,TreOoc000_2641454,IV,211.647598311258,1771.56878586461
20,C,7,Cryptomonas,14.6481481481481,CryCry000_3202413,V,1570.97701650429,23011.9040750907
20,C,7,Chrysochromulina,41.8518518518518,PryChr000_3202213,I,41.8317354512224,1750.73559481042
20,C,7,Cryptomonas,14.6481481481481,CryCry000_3202413,V,1570.97701650429,23011.9040750907
20,C,7,Ankyra,12.5555555555556,ChlAnkjud_2642105,IV,32.5417369775149,408.579586495464
20,C,7,Elakatothrix,16.7407407407407,KleElagel_2641001,IV,62.6744384967178,2098.43305189011
20,C,7,Sphaerocystis,8.37037037037037,ChlSph000_2639562,I,62.6538811980344,524.436190768732
20,C,7,Desmodesmus,2.09259259259259,ChlDes000_2652440,IV,40.687969226831,340.573372046807
20,C,7,Golenkinia,2.09259259259259,ChlGolrad_2641100,IV,2144.66058485063,4487.90085348373
20,C,7,Stauridium,2.09259259259259,ChlSta000_4339881,IV,NA,NA
20,C,7,Gloeocapsa,2.09259259259259,CyaGlo000_3217637,VII,268.082573106329,560.987606685466
20,D,8,Merismopedia,58.8461538461538,CyaMer000_0000000,I,0.116238921777732,150.484696424556
20,D,8,Plagioselmis,54.9230769230769,CryRho000_3202546,I,77.4146568923807,4251.85115547383
20,D,8,Centrales,186.346153846154,BacCyc000_3193095,VI,5861.0694928046,1092187.75740916
20,D,8,Elakatothrix,19.6153846153846,KleElagel_2641001,IV,62.6744384967178,2458.76643333277
20,D,8,Koliella,15.6923076923077,TreKollon_2638730,IV,111.258112646547,1745.89653691504
20,D,8,Desmodesmus,15.6923076923077,ChlDes000_2652440,IV,40.687969226831,2553.95252993031
20,D,8,Sphaerocystis,13.7307692307692,ChlSph000_2639562,I,62.6538811980344,860.285984142241
20,D,8,Cryptomonas,13.7307692307692,CryCry000_3202413,V,1570.97701650429,21570.7228804628
20,D,8,Chlamydomonas,15.6923076923077,ChlChl000_5271004,I,75.43548062953,1183.7567729557
20,D,8,Chrysochromulina,21.5769230769231,PryChr000_3202213,I,41.8317354512224,902.600138005221
20,D,8,Quadrigula,47.0769230769231,ChlQua000_2641259,IV,220.539804282003,51911.6770079177
20,D,8,Oocystis,11.7692307692308,TreOoc000_2641454,IV,211.647598311258,2490.92942627865
20,D,8,Ankyra,15.6923076923077,ChlAnkjud_2642105,IV,32.5417369775149,510.65494949331
20,D,8,Cryptomonas,7.84615384615385,CryCry000_3202413,V,1570.97701650429,12326.1273602645
20,I,3,Desmodesmus,129.066666666667,ChlDes000_2652440,IV,40.687969226831,21005.8422461719
20,I,3,Ankyra,19.7185185185185,ChlAnkjud_2642105,IV,32.5417369775149,641.674843215886
20,I,3,Merismopedia,71.7037037037037,CyaMer000_0000000,I,0.116238921777732,183.364746531747
20,I,3,Cryptomonas,34.0592592592593,CryCry000_3202413,V,1570.97701650429,53506.3134954573
20,I,3,Chlamydomonas,1.79259259259259,ChlChl000_5271004,I,75.43548062953,135.225083795157
20,I,3,Chrysochromulina,8.96296296296296,PryChr000_3202213,I,41.8317354512224,374.936295525771
20,I,3,Sphaerocystis,14.3407407407407,ChlSph000_2639562,I,62.6538811980344,898.503066662181
20,I,3,Elakatothrix,82.4592592592593,KleElagel_2641001,IV,62.6744384967178,10336.1755458587
20,I,3,Cryptomonas,7.17037037037037,CryCry000_3202413,V,1570.97701650429,11264.4870516752
20,I,3,Oocystis,14.3407407407407,TreOoc000_2641454,IV,211.647598311258,3035.18333578219
20,I,3,Quadrigula,23.3037037037037,ChlQua000_2641259,IV,220.539804282003,25696.9712693031
20,I,3,Centrales,39.437037037037,BacCyc000_3193095,VI,5861.0694928046,231143.214664383
20,I,3,Plagioselmis,10.7555555555556,CryRho000_3202546,I,77.4146568923807,832.637643020272
20,I,3,Sphaerocystis,26.8888888888889,ChlSph000_2639562,I,62.6538811980344,1684.69324999159
20,I,3,Coelastrum,1.79259259259259,ChlCoe000_7749802,IV,167.373863544576,300.033147983611
20,I,3,Koliella,1.79259259259259,TreKollon_2638730,IV,111.258112646547,199.440468596032
20,I,3,Snowella,1.79259259259259,CyaSno000_3217087,I,4.65095483030042,483.561496282198
12,I,3,Centrales,158.552083333333,BacSte000_3193250,VI,5861.0694928046,929284.778645612
12,I,3,Centrales,355.463541666667,BacCyc000_3193095,VI,5861.0694928046,2083396.51986678
12,I,3,Quadrigula,7.671875,ChlQua000_2641259,IV,220.539804282003,8459.76905487998
12,I,3,Merismopedia,74.1614583333333,CyaMer000_0000000,I,0.116238921777732,189.649854990879
12,I,3,Cryptomonas,30.6875,CryCry000_3202413,V,1570.97701650429,48209.3571939755
12,I,3,Sphaerocystis,12.7864583333333,ChlSph000_2639562,I,62.6538811980344,801.121241360283
12,I,3,Chrysochromulina,86.9479166666667,PryChr000_3202213,I,41.8317354512224,3637.18224803493
12,I,3,Plagioselmis,10.2291666666667,CryRho000_3202546,I,77.4146568923807,791.887427794977
12,I,3,Desmodesmus,10.2291666666667,ChlDes000_2652440,IV,40.687969226831,1664.81607419783
12,I,3,Cryptomonas,7.671875,CryCry000_3202413,V,1570.97701650429,12052.3392984939
12,I,3,Ankyra,10.2291666666667,ChlAnkjud_2642105,IV,32.5417369775149,332.874851165829
12,I,3,Elakatothrix,5.11458333333333,KleElagel_2641001,IV,62.6744384967178,641.107277122675
12,I,3,Chlamydomonas,2.55729166666667,ChlChl000_5271004,I,75.43548062953,192.910525984892
12,I,3,Tetraedron,2.55729166666667,ChlTet000_2672378,IV,27,69.046875
12,C,7,Merismopedia,68.5576923076923,CyaMer000_0000000,I,0.116238921777732,175.319589135145
12,C,7,Centrales,503.75,BacCyc000_3193095,VI,5861.0694928046,2952513.75700032
12,C,7,Cryptomonas,29.8076923076923,CryCry000_3202413,V,1570.97701650429,46827.1995304164
12,C,7,Chrysochromulina,116.25,PryChr000_3202213,I,41.8317354512224,4862.9392462046
12,C,7,Centrales,199.711538461538,BacSte000_3193250,VI,5861.0694928046,1170523.205438
12,C,7,Chlamydomonas,17.8846153846154,ChlChl000_5271004,I,75.43548062953,1349.13455741275
12,C,7,Cryptomonas,5.96153846153846,CryCry000_3202413,V,1570.97701650429,9365.43990608329
12,C,7,Desmodesmus,5.96153846153846,ChlDes000_2652440,IV,40.687969226831,970.251573870584
12,C,7,Monoraphidium,2.98076923076923,ChlMon000_0000000,IV,10.0902704601746,30.0767677178281
12,C,7,Quadrigula,2.98076923076923,ChlQua000_2641259,IV,220.539804282003,3286.89131381832
12,C,7,Ankyra,2.98076923076923,ChlAnkjud_2642105,IV,32.5417369775149,96.9994082983617
12,C,7,Koliella,2.98076923076923,TreKollon_2638730,IV,111.258112646547,331.634758850284
12,C,7,Elakatothrix,2.98076923076923,KleElagel_2641001,IV,62.6744384967178,373.63607565351
12,D,13,Merismopedia,46.5820512820513,CyaMer000_0000000,I,0.116238921777732,119.122243134855
12,D,13,Centrales,338.664102564103,BacCyc000_3193095,VI,5861.0694928046,1984933.83984651
12,D,13,Plagioselmis,7.55384615384615,CryRho000_3202546,I,77.4146568923807,584.778408217829
12,D,13,Chrysochromulina,12.5897435897436,PryChr000_3202213,I,41.8317354512224,526.650823244877
12,D,13,Elakatothrix,2.51794871794872,KleElagel_2641001,IV,62.6744384967178,315.622044121933
12,D,13,Chlamydomonas,2.51794871794872,ChlChl000_5271004,I,75.43548062953,189.94267173897
12,D,13,Oocystis,1.25897435897436,TreOoc000_2641454,IV,211.647598311258,266.458899412379
12,D,13,Centrales,2.51794871794872,BacSte000_3193250,VI,5861.0694928046,14757.8724152157
12,D,13,Ankyra,5.03589743589744,ChlAnkjud_2642105,IV,32.5417369775149,163.876849804716
12,D,13,Sphaerocystis,1.25897435897436,ChlSph000_2639562,I,62.6538811980344,78.8796299185509
12,E,9,Merismopedia,63,CyaMer000_0000000,I,0.116238921777732,161.107145583937
12,E,9,Centrales,310.5,BacCyc000_3193095,VI,5861.0694928046,1819862.07751583
12,E,9,Centrales,42,BacSte000_3193250,VI,5861.0694928046,246164.918697793
12,E,9,Plagioselmis,27,CryRho000_3202546,I,77.4146568923807,2090.19573609428
12,E,9,Chrysochromulina,18,PryChr000_3202213,I,41.8317354512224,752.971238122003
12,E,9,Ankistrodesmus,3,ChlAnk000_9516573,IV,150.534647984511,451.603943953533
12,E,9,Oocystis,4.5,TreOoc000_2641454,IV,211.647598311258,952.414192400662
12,E,9,Chlamydomonas,3,ChlChl000_5271004,I,75.43548062953,226.30644188859
12,E,9,Gloeocapsa,3,CyaGlo000_3217637,VII,268.082573106329,804.247719318987
12,E,9,Cryptomonas,6,CryCry000_3202413,V,1570.97701650429,9425.86209902576
12,E,9,Quadrigula,3,ChlQua000_2641259,IV,220.539804282003,3308.09706423005
12,E,9,Elakatothrix,1.5,KleElagel_2641001,IV,62.6744384967178,188.023315490153
12,E,9,Golenkinia,1.5,ChlGolrad_2641100,IV,2144.66058485063,3216.99087727595
12,E,9,Desmodesmus,4.5,ChlDes000_2652440,IV,40.687969226831,732.383446082957
12,E,9,Ankyra,1.5,ChlAnkjud_2642105,IV,32.5417369775149,48.8126054662723
12,E,4,Merismopedia,70.38,CyaMer000_0000000,I,0.116238921777732,179.979696923769
12,E,4,Chrysochromulina,131.58,PryChr000_3202213,I,41.8317354512224,5504.21975067184
12,E,4,Centrales,400.86,BacCyc000_3193095,VI,5861.0694928046,2349468.31688565
12,E,4,Desmodesmus,6.12,ChlDes000_2652440,IV,40.687969226831,996.041486672822
12,E,4,Centrales,177.48,BacSte000_3193250,VI,5861.0694928046,1040222.61358296
12,E,4,Cryptomonas,21.42,CryCry000_3202413,V,1570.97701650429,33650.327693522
12,E,4,Cryptomonas,9.18,CryCry000_3202413,V,1570.97701650429,14421.5690115094
12,E,4,Quadrigula,27.54,ChlQua000_2641259,IV,220.539804282003,30368.3310496319
12,E,4,Oocystis,3.06,TreOoc000_2641454,IV,211.647598311258,647.64165083245
12,E,4,Tetraedron,110.16,ChlTet000_2672378,IV,27,2974.32
12,E,4,Ankyra,3.06,ChlAnkjud_2642105,IV,32.5417369775149,99.5777151511955
12,E,4,Monoraphidium,6.12,ChlMon000_0000000,IV,10.0902704601746,61.7524552162685
12,E,4,Plagioselmis,3.06,CryRho000_3202546,I,77.4146568923807,236.888850090685
12,E,4,Golenkinia,3.06,ChlGolrad_2641100,IV,2144.66058485063,6562.66138964293
12,I,12,Merismopedia,67.8333333333333,CyaMer000_0000000,I,0.116238921777732,173.467217599636
12,I,12,Centrales,223.666666666667,BacCyc000_3193095,VI,5861.0694928046,1310925.87655729
12,I,12,Centrales,78.8333333333333,BacSte000_3193250,VI,5861.0694928046,462047.645016096
12,I,12,Plagioselmis,29.3333333333333,CryRho000_3202546,I,77.4146568923807,2270.82993550983
12,I,12,Quadrigula,11,ChlQua000_2641259,IV,220.539804282003,12129.6892355102
12,I,12,Cryptomonas,3.66666666666667,CryCry000_3202413,V,1570.97701650429,5760.24906051574
12,I,12,Desmodesmus,5.5,ChlDes000_2652440,IV,40.687969226831,895.135322990281
12,I,12,Chrysochromulina,36.6666666666667,PryChr000_3202213,I,41.8317354512224,1533.83029987815
12,I,12,Ankyra,1.83333333333333,ChlAnkjud_2642105,IV,32.5417369775149,59.6598511254439
12,I,12,Golenkinia,1.83333333333333,ChlGolrad_2641100,IV,2144.66058485063,3931.87773889283
12,I,12,Coelastrum,5.5,ChlCoe000_7749802,IV,167.373863544576,920.556249495169
12,I,12,Cryptomonas,1.83333333333333,CryCry000_3202413,V,1570.97701650429,2880.12453025787
12,I,12,Elakatothrix,1.83333333333333,KleElagel_2641001,IV,62.6744384967178,229.806274487965
12,C,1,Merismopedia,69.6833333333333,CyaMer000_0000000,I,0.116238921777732,178.198141715989
12,C,1,Centrales,448.233333333333,BacCyc000_3193095,VI,5861.0694928046,2627126.71565811
12,C,1,Chrysochromulina,32.0166666666667,PryChr000_3202213,I,41.8317354512224,1339.31273002997
12,C,1,Koliella,1.88333333333333,TreKollon_2638730,IV,111.258112646547,209.536112150996
12,C,1,Plagioselmis,26.3666666666667,CryRho000_3202546,I,77.4146568923807,2041.16645339577
12,C,1,Chlamydomonas,20.7166666666667,ChlChl000_5271004,I,75.43548062953,1562.77170704176
12,C,1,Centrales,9.41666666666666,BacSte000_3193250,VI,5861.0694928046,55191.7377239099
12,C,1,Quadrigula,5.65,ChlQua000_2641259,IV,220.539804282003,6230.2494709666
12,C,1,Tetraedron,1.88333333333333,ChlTet000_2672378,IV,27,50.85
12,C,1,Gloeocapsa,1.88333333333333,CyaGlo000_3217637,VII,268.082573106329,504.88884601692
12,C,1,Desmodesmus,3.76666666666667,ChlDes000_2652440,IV,40.687969226831,613.032069684253
12,C,1,Snowella,3.76666666666667,CyaSno000_3217087,I,4.65095483030042,1016.07859859296
12,C,1,Golenkinia,3.76666666666667,ChlGolrad_2641100,IV,2144.66058485063,8078.22153627071
12,C,1,Cryptomonas,1.88333333333333,CryCry000_3202413,V,1570.97701650429,2958.67338108308
12,D,11,Merismopedia,80.7428571428571,CyaMer000_0000000,I,0.116238921777732,206.480178421862
12,D,11,Golenkinia,6.72857142857143,ChlGolrad_2641100,IV,2144.66058485063,14430.5019352092
12,D,11,Centrales,248.957142857143,BacSte000_3193250,VI,5861.0694928046,1459155.1150158
12,D,11,Centrales,334.185714285714,BacCyc000_3193095,VI,5861.0694928046,1958685.69493111
12,D,11,Cryptomonas,29.1571428571429,CryCry000_3202413,V,1570.97701650429,45805.2012955037
12,D,11,Tetraedron,6.72857142857143,ChlTet000_2672378,IV,27,181.671428571429
12,D,11,Chlamydomonas,8.97142857142857,ChlChl000_5271004,I,75.43548062953,676.764026219212
12,D,11,Plagioselmis,44.8571428571429,CryRho000_3202546,I,77.4146568923807,3472.60032345822
12,D,11,Cryptomonas,13.4571428571429,CryCry000_3202413,V,1570.97701650429,21140.8621363863
12,D,11,Koliella,4.48571428571428,TreKollon_2638730,IV,111.258112646547,499.072105300224
12,D,11,Desmodesmus,6.72857142857143,ChlDes000_2652440,IV,40.687969226831,1095.08762890499
12,D,11,Snowella,2.24285714285714,CyaSno000_3217087,I,4.65095483030042,605.022781210223
12,D,11,Elakatothrix,2.24285714285714,KleElagel_2641001,IV,62.6744384967178,281.139624113848
12,D,11,Oocystis,2.24285714285714,TreOoc000_2641454,IV,211.647598311258,474.695327640965
12,D,11,Quadrigula,2.24285714285714,ChlQua000_2641259,IV,220.539804282003,2473.19637659104
12,D,11,Monoraphidium,2.24285714285714,ChlMon000_0000000,IV,10.0902704601746,22.631035174963
12,D,2,Merismopedia,75.1034482758621,CyaMer000_0000000,I,0.116238921777732,192.05876468627
12,D,2,Centrales,228.091954022988,BacSte000_3193250,VI,5861.0694928046,1336862.79327833
12,D,2,Chrysochromulina,158.551724137931,PryChr000_3202213,I,41.8317354512224,6632.49377947312
12,D,2,Elakatothrix,11.1264367816092,KleElagel_2641001,IV,62.6744384967178,1394.68635551317
12,D,2,Quadrigula,16.6896551724138,ChlQua000_2641259,IV,220.539804282003,18403.6664262913
12,D,2,Centrales,436.712643678161,BacCyc000_3193095,VI,5861.0694928046,2559603.15298411
12,D,2,Plagioselmis,36.1609195402299,CryRho000_3202546,I,77.4146568923807,2799.38517911988
12,D,2,Cryptomonas,11.1264367816092,CryCry000_3202413,V,1570.97701650429,17479.376459496
12,D,2,Chlamydomonas,22.2528735632184,ChlChl000_5271004,I,75.43548062953,1678.65621262954
12,D,2,Golenkinia,5.5632183908046,ChlGolrad_2641100,IV,2144.66058485063,11931.2152076748
12,D,2,Cryptomonas,36.1609195402299,CryCry000_3202413,V,1570.97701650429,56807.9734933621
12,D,2,Sphaerocystis,38.9425287356322,ChlSph000_2639562,I,62.6538811980344,2439.90056895334
12,D,2,Ankistrodesmus,2.7816091954023,ChlAnk000_9516573,IV,150.534647984511,418.728561060364
12,D,2,Tetraedron,5.5632183908046,ChlTet000_2672378,IV,27,150.206896551724
12,I,5,Merismopedia,84,CyaMer000_0000000,I,0.116238921777732,214.809527445249
12,I,5,Centrales,60,BacSte000_3193250,VI,5861.0694928046,351664.169568276
12,I,5,Oocystis,324,TreOoc000_2641454,IV,211.647598311258,68573.8218528477
12,I,5,Cryptomonas,48,CryCry000_3202413,V,1570.97701650429,75406.8967922061
12,I,5,Chrysochromulina,112,PryChr000_3202213,I,41.8317354512224,4685.15437053691
12,I,5,Centrales,708,BacCyc000_3193095,VI,5861.0694928046,4149637.20090565
12,I,5,Plagioselmis,24,CryRho000_3202546,I,77.4146568923807,1857.95176541714
12,I,5,Sphaerocystis,8,ChlSph000_2639562,I,62.6538811980344,501.231049584275
12,I,5,Tetraedron,12,ChlTet000_2672378,IV,27,324
12,I,5,Ankyra,4,ChlAnkjud_2642105,IV,32.5417369775149,130.16694791006
12,I,5,Chlamydomonas,4,ChlChl000_5271004,I,75.43548062953,301.74192251812
12,I,5,Golenkinia,4,ChlGolrad_2641100,IV,2144.66058485063,8578.64233940253
12,I,5,Quadrigula,4,ChlQua000_2641259,IV,220.539804282003,4410.79608564007
12,I,5,Desmodesmus,4,ChlDes000_2652440,IV,40.687969226831,651.007507629295
12,E,6,Merismopedia,74.5592592592593,CyaMer000_0000000,I,0.116238921777732,190.667133906539
12,E,6,Centrales,65.4666666666667,BacSte000_3193250,VI,5861.0694928046,383704.682795608
12,E,6,Cryptomonas,14.5481481481481,CryCry000_3202413,V,1570.97701650429,22854.8063734402
12,E,6,Cryptomonas,9.09259259259259,CryCry000_3202413,V,1570.97701650429,14284.2539834001
12,E,6,Chrysochromulina,34.5518518518519,PryChr000_3202213,I,41.8317354512224,1445.3639260165
12,E,6,Centrales,343.7,BacCyc000_3193095,VI,5861.0694928046,2014449.58467694
12,E,6,Elakatothrix,3.63703703703704,KleElagel_2641001,IV,62.6744384967178,455.898508176125
12,E,6,Sphaerocystis,1.81851851851852,ChlSph000_2639562,I,62.6538811980344,113.937243215685
12,E,6,Chlamydomonas,20.0037037037037,ChlChl000_5271004,I,75.43548062953,1508.9890032596
12,E,6,Plagioselmis,34.5518518518519,CryRho000_3202546,I,77.4146568923807,2674.81975610748
12,E,6,Oocystis,7.27407407407407,TreOoc000_2641454,IV,211.647598311258,1539.54030771597
12,E,6,Ankistrodesmus,1.81851851851852,ChlAnk000_9516573,IV,150.534647984511,273.750045038499
12,E,6,Desmodesmus,3.63703703703704,ChlDes000_2652440,IV,40.687969226831,591.93460415923
12,E,6,Quadrigula,1.81851851851852,ChlQua000_2641259,IV,220.539804282003,2005.27859078637
12,C,16,Merismopedia,70.6617647058824,CyaMer000_0000000,I,0.116238921777732,180.700241487119
12,C,16,Centrales,663.308823529412,BacCyc000_3193095,VI,5861.0694928046,3887699.10989634
12,C,16,Chrysochromulina,6.83823529411765,PryChr000_3202213,I,41.8317354512224,286.055249776741
12,C,16,Elakatothrix,2.27941176470588,KleElagel_2641001,IV,62.6744384967178,285.721704911507
12,C,16,Chlamydomonas,2.27941176470588,ChlChl000_5271004,I,75.43548062953,171.948522023193
12,C,16,Golenkinia,2.27941176470588,ChlGolrad_2641100,IV,2144.66058485063,4888.56456840953
12,C,16,Ankyra,2.27941176470588,ChlAnkjud_2642105,IV,32.5417369775149,74.1760181105119
12,C,16,Chrysochromulina,13.6764705882353,PryChr000_3202213,I,41.8317354512224,572.110499553483
12,C,16,Centrales,4.55882352941176,BacSte000_3193250,VI,5861.0694928046,26719.5815113151
12,C,16,Quadrigula,4.55882352941176,ChlQua000_2641259,IV,220.539804282003,5027.01024466331
12,C,16,Sphaerocystis,2.27941176470588,ChlSph000_2639562,I,62.6538811980344,142.813993907284
12,C,16,Cryptomonas,2.27941176470588,CryCry000_3202413,V,1570.97701650429,3580.90349350243
12,D,8,Centrales,280.839506172839,BacSte000_3193250,VI,5861.0694928046,1646019.86200394
12,D,8,Merismopedia,71.7037037037037,CyaMer000_0000000,I,0.116238921777732,183.364746531747
12,D,8,Quadrigula,11.9506172839506,ChlQua000_2641259,IV,220.539804282003,13177.933984258
12,D,8,Chlamydomonas,35.8518518518518,ChlChl000_5271004,I,75.43548062953,2704.50167590315
12,D,8,Plagioselmis,29.8765432098765,CryRho000_3202546,I,77.4146568923807,2312.88234172298
12,D,8,Centrales,406.320987654321,BacCyc000_3193095,VI,5861.0694928046,2381475.54502697
12,D,8,Chrysochromulina,71.7037037037037,PryChr000_3202213,I,41.8317354512224,2999.49036420617
12,D,8,Cryptomonas,35.8518518518518,CryCry000_3202413,V,1570.97701650429,56322.4352583761
12,D,8,Oocystis,2.98765432098765,TreOoc000_2641454,IV,211.647598311258,632.32986162129
12,D,8,Tetraedron,5.97530864197531,ChlTet000_2672378,IV,27,161.333333333333
12,D,8,Desmodesmus,2.98765432098765,ChlDes000_2652440,IV,40.687969226831,486.246348291017
12,I,12,Merismopedia,76.5,CyaMer000_0000000,I,0.116238921777732,195.630105351923
12,I,12,Desmodesmus,21.8571428571429,ChlDes000_2652440,IV,40.687969226831,3557.29102383151
12,I,12,Chlamydomonas,43.7142857142857,ChlChl000_5271004,I,75.43548062953,3297.60815323374
12,I,12,Centrales,1152.96428571429,BacCyc000_3193095,VI,5861.0694928046,6757603.80129324
12,I,12,Chrysochromulina,142.071428571429,PryChr000_3202213,I,41.8317354512224,5943.09441517724
12,I,12,Centrales,502.714285714286,BacSte000_3193250,VI,5861.0694928046,2946443.36359705
12,I,12,Cryptomonas,54.6428571428571,CryCry000_3202413,V,1570.97701650429,85842.672687556
12,I,12,Plagioselmis,10.9285714285714,CryRho000_3202546,I,77.4146568923807,846.031607466732
12,I,12,Tetraedron,174.857142857143,ChlTet000_2672378,IV,27,4721.14285714286
12,I,12,Cosmarium,5.46428571428571,ZygCos000_2648709,IV,97180.0298980299,531019.449085663
12,I,12,Elakatothrix,38.25,KleElagel_2641001,IV,62.6744384967178,4794.59454499891
12,I,12,Ankyra,5.46428571428571,ChlAnkjud_2642105,IV,32.5417369775149,177.817348484278
12,I,12,Golenkinia,10.9285714285714,ChlGolrad_2641100,IV,2144.66058485063,23438.0763915819
12,E,15,Merismopedia,64.2549019607843,CyaMer000_0000000,I,0.116238921777732,164.31625150282
12,E,15,Centrales,97.4901960784314,BacSte000_3193250,VI,5861.0694928046,571396.814082832
12,E,15,Centrales,418.764705882353,BacCyc000_3193095,VI,5861.0694928046,2454409.04231035
12,E,15,Chrysochromulina,24.3725490196078,PryChr000_3202213,I,41.8317354512224,1019.54602286018
12,E,15,Chlamydomonas,13.2941176470588,ChlChl000_5271004,I,75.43548062953,1002.8481542514
12,E,15,Ankyra,6.64705882352941,ChlAnkjud_2642105,IV,32.5417369775149,216.306839909364
12,E,15,Plagioselmis,31.0196078431372,CryRho000_3202546,I,77.4146568923807,2401.37229811267
12,E,15,Oocystis,22.156862745098,TreOoc000_2641454,IV,211.647598311258,4689.44678611219
12,E,15,Cryptomonas,4.43137254901961,CryCry000_3202413,V,1570.97701650429,6961.58442607785
12,E,15,Elakatothrix,13.2941176470588,KleElagel_2641001,IV,62.6744384967178,1666.40271767744
12,E,15,Quadrigula,4.43137254901961,ChlQua000_2641259,IV,220.539804282003,4886.47017330714
12,E,15,Desmodesmus,2.2156862745098,ChlDes000_2652440,IV,40.687969226831,360.607099814266
12,E,15,Cryptomonas,6.64705882352941,CryCry000_3202413,V,1570.97701650429,10442.3766391168
12,E,15,Coelastrum,2.2156862745098,ChlCoe000_7749802,IV,167.373863544576,370.847972167394
12,E,15,Golenkinia,11.078431372549,ChlGolrad_2641100,IV,2144.66058485063,23759.4751066786
12,C,10,Merismopedia,58.2767295597484,CyaMer000_0000000,I,0.116238921777732,149.028532592668
12,C,10,Centrales,417.88679245283,BacCyc000_3193095,VI,5861.0694928046,2449263.53069125
12,C,10,Snowella,2.84276729559748,CyaSno000_3217087,I,4.65095483030042,766.851772522992
12,C,10,Golenkinia,11.3710691823899,ChlGolrad_2641100,IV,2144.66058485063,24387.0838830814
12,C,10,Chrysochromulina,9.94968553459119,PryChr000_3202213,I,41.8317354512224,416.212613105873
12,C,10,Chlamydomonas,12.7924528301887,ChlChl000_5271004,I,75.43548062953,965.004827675874
12,C,10,Centrales,5.68553459119497,BacSte000_3193250,VI,5861.0694928046,33323.3133427381
12,C,10,Elakatothrix,5.68553459119497,KleElagel_2641001,IV,62.6744384967178,712.675376113621
12,C,10,Tetraedron,1.42138364779874,ChlTet000_2672378,IV,27,38.377358490566
12,C,10,Plagioselmis,1.42138364779874,CryRho000_3202546,I,77.4146568923807,110.03592740678
12,C,10,Oocystis,1.42138364779874,TreOoc000_2641454,IV,211.647598311258,300.832435335499
36,E,6,Desmodesmus,930,ChlDes000_2652440,IV,40.687969226831,151359.245523811
36,E,6,Scenedesmus,12.2368421052632,ChlScearc_2640846,IV,23.2482933092421,1137.94277776817
36,E,6,Quadrigula,61.1842105263158,ChlQua000_2641259,IV,220.539804282003,67467.7690731129
36,E,6,Oocystis,44.8684210526316,TreOoc000_2641454,IV,211.647598311258,9496.29355580777
36,E,6,Merismopedia,77.5,CyaMer000_0000000,I,0.116238921777732,198.187361631034
36,E,6,Plagioselmis,289.605263157895,CryRho000_3202546,I,77.4146568923807,22419.692081596
36,E,6,Cryptomonas,24.4736842105263,CryCry000_3202413,V,1570.97701650429,38447.5954039209
36,E,6,Kirchneriella,4.07894736842105,ChlKir000_2641223,IV,106.028752058656,7784.74258535918
36,E,6,Centrales,106.052631578947,BacCyc000_3193095,VI,5861.0694928046,621581.843579014
36,E,6,Eudorina,8.15789473684211,ChlEud000_0000000,VII,245.305719363666,2001.17823691412
36,E,6,Ankyra,12.2368421052632,ChlAnkjud_2642105,IV,32.5417369775149,398.208097224853
36,E,6,Ankistrodesmus,4.07894736842105,ChlAnk000_9516573,IV,150.534647984511,614.02290625261
36,E,6,Chrysochromulina,24.4736842105263,PryChr000_3202213,I,41.8317354512224,1023.7766834115
36,E,6,Cryptomonas,8.15789473684211,CryCry000_3202413,V,1570.97701650429,12815.8651346403
36,E,6,Stauridium,12.2368421052632,ChlSta000_4339881,IV,NA,NA
36,E,6,Elakatothrix,126.447368421053,KleElagel_2641001,IV,62.6744384967178,15850.0356303542
36,E,6,Snowella,57.1052631578947,CyaSno000_3217087,I,4.65095483030042,15404.4519721477
36,E,6,Golenkinia,4.07894736842105,ChlGolrad_2641100,IV,2144.66058485063,8747.95764873284
36,E,6,Chlamydomonas,8.15789473684211,ChlChl000_5271004,I,75.43548062953,615.394710398797
36,E,6,Sphaerocystis,12.2368421052632,ChlSph000_2639562,I,62.6538811980344,766.685651502263
36,E,6,Coelastrum,12.2368421052632,ChlCoe000_7749802,IV,167.373863544576,2048.12754074284
36,E,6,Tetraedron,4.07894736842105,ChlTet000_2672378,IV,27,110.131578947368
36,C,7,Merismopedia,72.3648648648649,CyaMer000_0000000,I,0.116238921777732,185.05550506263
36,C,7,Chrysochromulina,12.4054054054054,PryChr000_3202213,I,41.8317354512224,518.939637084083
36,C,7,Plagioselmis,169.540540540541,CryRho000_3202546,I,77.4146568923807,13124.9227752947
36,C,7,Centrales,231.567567567568,BacCyc000_3193095,VI,5861.0694928046,1357233.60579324
36,C,7,Quadrigula,18.6081081081081,ChlQua000_2641259,IV,220.539804282003,20519.1426011026
36,C,7,Oocystis,31.0135135135135,TreOoc000_2641454,IV,211.647598311258,6563.93565032889
36,C,7,Sphaerocystis,12.4054054054054,ChlSph000_2639562,I,62.6538811980344,777.246796483724
36,C,7,Gloeocapsa,2.06756756756757,CyaGlo000_3217637,VII,268.082573106329,554.278833584707
36,C,7,Desmodesmus,8.27027027027027,ChlDes000_2652440,IV,40.687969226831,1346.00200901733
36,C,7,Elakatothrix,16.5405405405405,KleElagel_2641001,IV,62.6744384967178,2073.33818162115
36,C,7,Chlamydomonas,14.472972972973,ChlChl000_5271004,I,75.43548062953,1091.77567235441
36,C,7,Sphaerocystis,8.27027027027027,ChlSph000_2639562,I,62.6538811980344,518.164530989149
36,C,7,Cryptomonas,18.6081081081081,CryCry000_3202413,V,1570.97701650429,29232.910158465
36,C,7,Snowella,6.2027027027027,CyaSno000_3217087,I,4.65095483030042,1673.21242557105
36,C,7,Cryptomonas,2.06756756756757,CryCry000_3202413,V,1570.97701650429,3248.10112871834
36,C,7,Scenedesmus,2.06756756756757,ChlScearc_2640846,IV,23.2482933092421,192.269668989948
36,C,7,Ankyra,2.06756756756757,ChlAnkjud_2642105,IV,32.5417369775149,67.282239967024
36,E,4,Desmodesmus,1139.94444444444,ChlDes000_2652440,IV,40.687969226831,185528.09790341
36,E,4,Elakatothrix,51.2777777777778,KleElagel_2641001,IV,62.6744384967178,6427.61185916339
36,E,4,Oocystis,23.6666666666667,TreOoc000_2641454,IV,211.647598311258,5008.99316003311
36,E,4,Snowella,47.3333333333333,CyaSno000_3217087,I,4.65095483030042,12768.4213274514
36,E,4,Merismopedia,35.5,CyaMer000_0000000,I,0.116238921777732,90.7825979084089
36,E,4,Plagioselmis,149.888888888889,CryRho000_3202546,I,77.4146568923807,11603.5969053135
36,E,4,Centrales,130.166666666667,BacCyc000_3193095,VI,5861.0694928046,762915.878980065
36,E,4,Cryptomonas,15.7777777777778,CryCry000_3202413,V,1570.97701650429,24786.5262604011
36,E,4,Tetraedron,3.94444444444444,ChlTet000_2672378,IV,27,106.5
36,E,4,Chlamydomonas,11.8333333333333,ChlChl000_5271004,I,75.43548062953,892.653187449438
36,E,4,Ankyra,15.7777777777778,ChlAnkjud_2642105,IV,32.5417369775149,513.436294534124
36,E,4,Quadrigula,15.7777777777778,ChlQua000_2641259,IV,220.539804282003,17398.1401155803
36,E,4,Chrysochromulina,15.7777777777778,PryChr000_3202213,I,41.8317354512224,660.011826008175
36,E,4,Coelastrum,3.94444444444444,ChlCoe000_7749802,IV,167.373863544576,660.196906203606
36,E,4,Sphaerocystis,11.8333333333333,ChlSph000_2639562,I,62.6538811980344,741.404260843407
36,D,13,Merismopedia,80.6666666666667,CyaMer000_0000000,I,0.116238921777732,206.285339848216
36,D,13,Desmodesmus,313.945945945946,ChlDes000_2652440,IV,40.687969226831,51095.2919501479
36,D,13,Elakatothrix,47.963963963964,KleElagel_2641001,IV,62.6744384967178,6012.22901903649
36,D,13,Plagioselmis,74.1261261261261,CryRho000_3202546,I,77.4146568923807,5738.44862081539
36,D,13,Centrales,82.8468468468468,BacCyc000_3193095,VI,5861.0694928046,485571.126629109
36,D,13,Quadrigula,10.9009009009009,ChlQua000_2641259,IV,220.539804282003,12020.412755911
36,D,13,Chrysochromulina,34.8828828828829,PryChr000_3202213,I,41.8317354512224,1459.21152853273
36,D,13,Oocystis,30.5225225225225,TreOoc000_2641454,IV,211.647598311258,6460.01858629318
36,D,13,Chlamydomonas,21.8018018018018,ChlChl000_5271004,I,75.43548062953,1644.62939750867
36,D,13,Koliella,2.18018018018018,TreKollon_2638730,IV,111.258112646547,242.562732076255
36,D,13,Snowella,23.981981981982,CyaSno000_3217087,I,4.65095483030042,6469.26866647805
36,D,13,Sphaerocystis,10.9009009009009,ChlSph000_2639562,I,62.6538811980344,682.983749996591
36,D,13,Cosmarium,4.36036036036036,ZygCos000_2648709,IV,97180.0298980299,423739.950186004
36,D,13,Tetraedron,4.36036036036036,ChlTet000_2672378,IV,27,117.72972972973
36,D,13,Cryptomonas,6.54054054054054,CryCry000_3202413,V,1570.97701650429,10275.0388647038
36,D,13,Ankistrodesmus,2.18018018018018,ChlAnk000_9516573,IV,150.534647984511,328.192655966231
36,D,13,Cryptomonas,6.54054054054054,CryCry000_3202413,V,1570.97701650429,10275.0388647038
36,I,14,Merismopedia,75.3333333333333,CyaMer000_0000000,I,0.116238921777732,192.646639692962
36,I,14,Desmodesmus,2373,ChlDes000_2652440,IV,40.687969226831,386210.203901079
36,I,14,Elakatothrix,1261.83333333333,KleElagel_2641001,IV,62.6744384967178,158169.391286217
36,I,14,Oocystis,235.416666666667,TreOoc000_2641454,IV,211.647598311258,49825.372102442
36,I,14,Plagioselmis,103.583333333333,CryRho000_3202546,I,77.4146568923807,8018.8682097691
36,I,14,Cosmarium,65.9166666666667,ZygCos000_2648709,IV,97180.0298980299,6405783.63744514
36,I,14,Centrales,56.5,BacCyc000_3193095,VI,5861.0694928046,331150.42634346
36,I,14,Chlamydomonas,65.9166666666667,ChlChl000_5271004,I,75.43548062953,4972.45543149652
36,I,14,Chrysochromulina,65.9166666666667,PryChr000_3202213,I,41.8317354512224,2757.40856182641
36,I,14,Snowella,56.5,CyaSno000_3217087,I,4.65095483030042,15241.1789788945
36,I,14,Coelastrum,18.8333333333333,ChlCoe000_7749802,IV,167.373863544576,3152.20776342285
36,I,14,Tetraedron,9.41666666666666,ChlTet000_2672378,IV,27,254.25
36,I,14,Sphaerocystis,18.8333333333333,ChlSph000_2639562,I,62.6538811980344,1179.98142922965
36,E,9,Merismopedia,84,CyaMer000_0000000,I,0.116238921777732,214.809527445249
36,E,9,Desmodesmus,1047.78947368421,ChlDes000_2652440,IV,40.687969226831,170529.703445842
36,E,9,Elakatothrix,79.5789473684211,KleElagel_2641001,IV,62.6744384967178,9975.13168495129
36,E,9,Plagioselmis,305.052631578947,CryRho000_3202546,I,77.4146568923807,23615.544807802
36,E,9,Oocystis,22.1052631578947,TreOoc000_2641454,IV,211.647598311258,4678.52585740676
36,E,9,Sphaerocystis,8.8421052631579,ChlSph000_2639562,I,62.6538811980344,553.992212698409
36,E,9,Ankyra,8.8421052631579,ChlAnkjud_2642105,IV,32.5417369775149,287.737463801184
36,E,9,Quadrigula,4.42105263157895,ChlQua000_2641259,IV,220.539804282003,4875.09041044429
36,E,9,Chrysochromulina,75.1578947368421,PryChr000_3202213,I,41.8317354512224,3143.9851697024
36,E,9,Cryptomonas,13.2631578947368,CryCry000_3202413,V,1570.97701650429,20836.116218899
36,E,9,Snowella,70.7368421052632,CyaSno000_3217087,I,4.65095483030042,19081.643733241
36,E,9,Centrales,101.684210526316,BacCyc000_3193095,VI,5861.0694928046,595978.22421571
36,E,9,Chlamydomonas,22.1052631578947,ChlChl000_5271004,I,75.43548062953,1667.52115075803
36,E,9,Kirchneriella,8.8421052631579,ChlKir000_2641223,IV,106.028752058656,16875.3129592302
36,E,9,Golenkinia,4.42105263157895,ChlGolrad_2641100,IV,2144.66058485063,9481.65732249753
36,E,9,Tetraedron,4.42105263157895,ChlTet000_2672378,IV,27,119.368421052632
36,C,10,Merismopedia,76.5,CyaMer000_0000000,I,0.116238921777732,195.630105351923
36,C,10,Cosmarium,7.40322580645161,ZygCos000_2648709,IV,97180.0298980299,719445.705212834
36,C,10,Desmodesmus,22.2096774193548,ChlDes000_2652440,IV,40.687969226831,3614.66668550621
36,C,10,Elakatothrix,172.741935483871,KleElagel_2641001,IV,62.6744384967178,21653.0076225757
36,C,10,Plagioselmis,148.064516129032,CryRho000_3202546,I,77.4146568923807,11462.3637140654
36,C,10,Centrales,266.516129032258,BacCyc000_3193095,VI,5861.0694928046,1562069.55321134
36,C,10,Quadrigula,17.2741935483871,ChlQua000_2641259,IV,220.539804282003,19048.2363214537
36,C,10,Kirchneriella,7.40322580645161,ChlKir000_2641223,IV,106.028752058656,14129.186282397
36,C,10,Chrysochromulina,39.4838709677419,PryChr000_3202213,I,41.8317354512224,1651.67884491278
36,C,10,Chlamydomonas,41.9516129032258,ChlChl000_5271004,I,75.43548062953,3164.64008253883
36,C,10,Snowella,12.3387096774194,CyaSno000_3217087,I,4.65095483030042,3328.43331968435
36,C,10,Golenkinia,17.2741935483871,ChlGolrad_2641100,IV,2144.66058485063,37047.2820383069
36,C,10,Sphaerocystis,27.1451612903226,ChlSph000_2639562,I,62.6538811980344,1700.74971058535
36,C,10,Cryptomonas,2.46774193548387,CryCry000_3202413,V,1570.97701650429,3876.76586330898
36,C,10,Tetraedron,4.93548387096774,ChlTet000_2672378,IV,27,133.258064516129
36,C,10,Gloeocapsa,2.46774193548387,CyaGlo000_3217637,VII,268.082573106329,661.558607826909
36,C,10,Ankyra,2.46774193548387,ChlAnkjud_2642105,IV,32.5417369775149,80.3046089928996
36,C,10,Oocystis,2.46774193548387,TreOoc000_2641454,IV,211.647598311258,522.291653897137
36,D,13,Merismopedia,77.5,CyaMer000_0000000,I,0.116238921777732,198.187361631034
36,D,13,Desmodesmus,1180.38461538462,ChlDes000_2652440,IV,40.687969226831,192109.811626376
36,D,13,Elakatothrix,411.346153846154,KleElagel_2641001,IV,62.6744384967178,51561.7784401843
36,D,13,Chrysochromulina,119.230769230769,PryChr000_3202213,I,41.8317354512224,4987.62999610728
36,D,13,Plagioselmis,286.153846153846,CryRho000_3202546,I,77.4146568923807,22152.5018184351
36,D,13,Centrales,256.346153846154,BacCyc000_3193095,VI,5861.0694928046,1502462.62190549
36,D,13,Snowella,95.3846153846154,CyaSno000_3217087,I,4.65095483030042,25730.5131842466
36,D,13,Golenkinia,17.8846153846154,ChlGolrad_2641100,IV,2144.66058485063,38356.4296905978
36,D,13,Oocystis,196.730769230769,TreOoc000_2641454,IV,211.647598311258,41637.5948216187
36,D,13,Cryptomonas,47.6923076923077,CryCry000_3202413,V,1570.97701650429,74923.5192486663
36,D,13,Tetraedron,17.8846153846154,ChlTet000_2672378,IV,27,482.884615384615
36,D,13,Chlamydomonas,11.9230769230769,ChlChl000_5271004,I,75.43548062953,899.423038275165
36,D,13,Cryptomonas,11.9230769230769,CryCry000_3202413,V,1570.97701650429,18730.8798121666
36,D,13,Gloeocapsa,5.96153846153846,CyaGlo000_3217637,VII,268.082573106329,1598.18457044158
36,D,13,Cosmarium,11.9230769230769,ZygCos000_2648709,IV,97180.0298980299,1158684.97186113
36,E,15,Merismopedia,76.5,CyaMer000_0000000,I,0.116238921777732,195.630105351923
36,E,15,Desmodesmus,1071,ChlDes000_2652440,IV,40.687969226831,174307.260167744
36,E,15,Golenkinia,7.65,ChlGolrad_2641100,IV,2144.66058485063,16406.6534741073
36,E,15,Plagioselmis,244.8,CryRho000_3202546,I,77.4146568923807,18951.1080072548
36,E,15,Chlamydomonas,11.475,ChlChl000_5271004,I,75.43548062953,865.622140223857
36,E,15,Centrales,153,BacCyc000_3193095,VI,5861.0694928046,896743.632399103
36,E,15,Tetraedron,3.825,ChlTet000_2672378,IV,27,103.275
36,E,15,Coelastrum,11.475,ChlCoe000_7749802,IV,167.373863544576,1920.61508417401
36,E,15,Sphaerocystis,34.425,ChlSph000_2639562,I,62.6538811980344,2156.85986024233
36,E,15,Quadrigula,3.825,ChlQua000_2641259,IV,220.539804282003,4217.82375689332
36,E,15,Chrysochromulina,34.425,PryChr000_3202213,I,41.8317354512224,1440.05749290833
36,E,15,Cryptomonas,19.125,CryCry000_3202413,V,1570.97701650429,30044.9354406446
36,E,15,Snowella,45.9,CyaSno000_3217087,I,4.65095483030042,12381.7719492258
36,E,15,Cosmarium,3.825,ZygCos000_2648709,IV,97180.0298980299,371713.614359964
36,E,15,Oocystis,34.425,TreOoc000_2641454,IV,211.647598311258,7285.96857186506
36,E,15,Sphaerocystis,7.65,ChlSph000_2639562,I,62.6538811980344,479.302191164963
36,E,15,Elakatothrix,68.85,KleElagel_2641001,IV,62.6744384967178,8630.27018099804
36,E,15,Scenedesmus,7.65,ChlScearc_2640846,IV,23.2482933092421,711.397775262808
36,I,5,Merismopedia,82.8333333333333,CyaMer000_0000000,I,0.116238921777732,211.826061786287
36,I,5,Desmodesmus,759.305555555555,ChlDes000_2652440,IV,40.687969226831,123578.404312825
36,I,5,Elakatothrix,1774.01388888889,KleElagel_2641001,IV,62.6744384967178,222370.64874298
36,I,5,Oocystis,20.7083333333333,TreOoc000_2641454,IV,211.647598311258,4382.86901502897
36,I,5,Chrysochromulina,55.2222222222222,PryChr000_3202213,I,41.8317354512224,2310.04139102861
36,I,5,Snowella,96.6388888888889,CyaSno000_3217087,I,4.65095483030042,26068.8602102133
36,I,5,Centrales,213.986111111111,BacCyc000_3193095,VI,5861.0694928046,1254187.46771723
36,I,5,Cryptomonas,13.8055555555556,CryCry000_3202413,V,1570.97701650429,21688.2104778509
36,I,5,Sphaerocystis,41.4166666666667,ChlSph000_2639562,I,62.6538811980344,2594.91491295192
36,I,5,Chlamydomonas,13.8055555555556,ChlChl000_5271004,I,75.43548062953,1041.42871869101
36,I,5,Plagioselmis,110.444444444444,CryRho000_3202546,I,77.4146568923807,8550.01877233627
36,I,5,Golenkinia,27.6111111111111,ChlGolrad_2641100,IV,2144.66058485063,59216.4617039313
36,I,5,Cosmarium,6.90277777777778,ZygCos000_2648709,IV,97180.0298980299,670812.150823901
36,I,5,Tetraedron,6.90277777777778,ChlTet000_2672378,IV,27,186.375
36,I,5,Coelastrum,6.90277777777778,ChlCoe000_7749802,IV,167.373863544576,1155.34458585631
36,I,5,Ankyra,6.90277777777778,ChlAnkjud_2642105,IV,32.5417369775149,224.628378858679
36,I,5,Ankistrodesmus,6.90277777777778,ChlAnk000_9516573,IV,150.534647984511,1039.10722289308
36,I,5,Cryptomonas,6.90277777777778,CryCry000_3202413,V,1570.97701650429,10844.1052389255
36,C,1,Merismopedia,76.5,CyaMer000_0000000,I,0.116238921777732,195.630105351923
36,C,1,Gloeocapsa,6.375,CyaGlo000_3217637,VII,268.082573106329,1709.02640355285
36,C,1,Plagioselmis,129.625,CryRho000_3202546,I,77.4146568923807,10034.8748996748
36,C,1,Centrales,380.375,BacCyc000_3193095,VI,5861.0694928046,2229404.30832555
36,C,1,Cosmarium,2.125,ZygCos000_2648709,IV,97180.0298980299,206507.563533313
36,C,1,Quadrigula,17,ChlQua000_2641259,IV,220.539804282003,18745.8833639703
36,C,1,Cryptomonas,17,CryCry000_3202413,V,1570.97701650429,26706.609280573
36,C,1,Ankyra,2.125,ChlAnkjud_2642105,IV,32.5417369775149,69.1511910772191
36,C,1,Chlamydomonas,8.5,ChlChl000_5271004,I,75.43548062953,641.201585351005
36,C,1,Scenedesmus,2.125,ChlScearc_2640846,IV,23.2482933092421,197.610493128558
36,C,1,Elakatothrix,14.875,KleElagel_2641001,IV,62.6744384967178,1864.56454527735
36,C,1,Sphaerocystis,8.5,ChlSph000_2639562,I,62.6538811980344,532.557990183292
36,C,1,Oocystis,8.5,TreOoc000_2641454,IV,211.647598311258,1799.00458564569
36,C,1,Sphaerocystis,2.125,ChlSph000_2639562,I,62.6538811980344,133.139497545823
36,C,1,Cryptomonas,4.25,CryCry000_3202413,V,1570.97701650429,6676.65232014324
36,C,1,Snowella,10.625,CyaSno000_3217087,I,4.65095483030042,2866.15091417263
36,C,1,Desmodesmus,6.375,ChlDes000_2652440,IV,40.687969226831,1037.54321528419
36,C,1,Tetraedron,4.25,ChlTet000_2672378,IV,27,114.75
36,D,11,Merismopedia,84,CyaMer000_0000000,I,0.116238921777732,214.809527445249
36,D,11,Snowella,84,CyaSno000_3217087,I,4.65095483030042,22659.4519332236
36,D,11,Desmodesmus,710.181818181818,ChlDes000_2652440,IV,40.687969226831,115583.423854547
36,D,11,Elakatothrix,1580.72727272727,KleElagel_2641001,IV,62.6744384967178,198142.38846926
36,D,11,Koliella,99.2727272727273,TreKollon_2638730,IV,111.258112646547,11044.896273639
36,D,11,Golenkinia,45.8181818181818,ChlGolrad_2641100,IV,2144.66058485063,98264.4486149744
36,D,11,Oocystis,129.818181818182,TreOoc000_2641454,IV,211.647598311258,27475.7063989524
36,D,11,Plagioselmis,61.0909090909091,CryRho000_3202546,I,77.4146568923807,4729.33176651635
36,D,11,Centrales,106.909090909091,BacCyc000_3193095,VI,5861.0694928046,626601.611230746
36,D,11,Chrysochromulina,61.0909090909091,PryChr000_3202213,I,41.8317354512224,2555.53874756559
36,D,11,Sphaerocystis,22.9090909090909,ChlSph000_2639562,I,62.6538811980344,1435.34346017315
36,D,11,Cryptomonas,22.9090909090909,CryCry000_3202413,V,1570.97701650429,35989.6552871893
36,D,11,Coelastrum,7.63636363636364,ChlCoe000_7749802,IV,167.373863544576,1278.12768524949
36,D,8,Merismopedia,80.6666666666667,CyaMer000_0000000,I,0.116238921777732,206.285339848216
36,D,8,Elakatothrix,477.794871794872,KleElagel_2641001,IV,62.6744384967178,59891.0506127097
36,D,8,Chrysochromulina,12.4102564102564,PryChr000_3202213,I,41.8317354512224,519.142563035683
36,D,8,Centrales,108.589743589744,BacCyc000_3193095,VI,5861.0694928046,636452.03338532
36,D,8,Oocystis,31.025641025641,TreOoc000_2641454,IV,211.647598311258,6566.50240914416
36,D,8,Koliella,27.9230769230769,TreKollon_2638730,IV,111.258112646547,3106.66883774588
36,D,8,Desmodesmus,68.2564102564102,ChlDes000_2652440,IV,40.687969226831,11108.8588801871
36,D,8,Snowella,24.8205128205128,CyaSno000_3217087,I,4.65095483030042,6695.46687159966
36,D,8,Sphaerocystis,9.30769230769231,ChlSph000_2639562,I,62.6538811980344,583.163048074012
36,D,8,Scenedesmus,3.1025641025641,ChlScearc_2640846,IV,23.2482933092421,288.517281068543
36,D,8,Cryptomonas,34.1282051282051,CryCry000_3202413,V,1570.97701650429,53614.6258709542
36,D,8,Plagioselmis,21.7179487179487,CryRho000_3202546,I,77.4146568923807,1681.28754840632
36,D,8,Cosmarium,3.1025641025641,ZygCos000_2648709,IV,97180.0298980299,301507.272247734
36,D,8,Ankyra,3.1025641025641,ChlAnkjud_2642105,IV,32.5417369775149,100.962824981521
36,I,12,Merismopedia,75.3333333333333,CyaMer000_0000000,I,0.116238921777732,192.646639692962
36,I,12,Desmodesmus,1146.14285714286,ChlDes000_2652440,IV,40.687969226831,186536.901203923
36,I,12,Elakatothrix,252.904761904762,KleElagel_2641001,IV,62.6744384967178,31701.3278910541
36,I,12,Plagioselmis,139.904761904762,CryRho000_3202546,I,77.4146568923807,10830.6791404674
36,I,12,Centrales,193.714285714286,BacCyc000_3193095,VI,5861.0694928046,1135372.89032043
36,I,12,Chrysochromulina,113,PryChr000_3202213,I,41.8317354512224,4726.98610598813
36,I,12,Golenkinia,5.38095238095238,ChlGolrad_2641100,IV,2144.66058485063,11540.3164803867
36,I,12,Sphaerocystis,32.2857142857143,ChlSph000_2639562,I,62.6538811980344,2022.82530725082
36,I,12,Snowella,43.047619047619,CyaSno000_3217087,I,4.65095483030042,11612.3268410625
36,I,12,Coelastrum,16.1428571428571,ChlCoe000_7749802,IV,167.373863544576,2701.89236864816
36,I,12,Cryptomonas,43.047619047619,CryCry000_3202413,V,1570.97701650429,67626.8201390419
36,I,12,Oocystis,37.6666666666667,TreOoc000_2641454,IV,211.647598311258,7972.05953639072
36,I,12,Tetraedron,10.7619047619048,ChlTet000_2672378,IV,27,290.571428571429
36,I,12,Kirchneriella,21.5238095238095,ChlKir000_2641223,IV,106.028752058656,41078.5679404391
36,I,12,Sphaerocystis,5.38095238095238,ChlSph000_2639562,I,62.6538811980344,337.137551208471
36,I,12,Koliella,10.7619047619048,TreKollon_2638730,IV,111.258112646547,1197.34921229141
36,I,12,Scenedesmus,5.38095238095238,ChlScearc_2640846,IV,23.2482933092421,500.391836941782
36,I,12,Ankistrodesmus,5.38095238095238,ChlAnk000_9516573,IV,150.534647984511,810.019772488082
36,I,12,Cryptomonas,5.38095238095238,CryCry000_3202413,V,1570.97701650429,8453.35251738024
36,D,2,Merismopedia,81.8333333333333,CyaMer000_0000000,I,0.116238921777732,209.268805507177
36,D,2,Desmodesmus,2151.04761904762,ChlDes000_2652440,IV,40.687969226831,350087.03731703
36,D,2,Oocystis,432.547619047619,TreOoc000_2641454,IV,211.647598311258,91547.6647266816
36,D,2,Elakatothrix,923.547619047619,KleElagel_2641001,IV,62.6744384967178,115765.65689758
36,D,2,Snowella,339.02380952381,CyaSno000_3217087,I,4.65095483030042,91453.4966205134
36,D,2,Gloeocapsa,11.6904761904762,CyaGlo000_3217637,VII,268.082573106329,3134.01293798113
36,D,2,Sphaerocystis,70.1428571428571,ChlSph000_2639562,I,62.6538811980344,4394.72223831927
36,D,2,Tetraedron,23.3809523809524,ChlTet000_2672378,IV,27,631.285714285714
36,D,2,Centrales,420.857142857143,BacCyc000_3193095,VI,5861.0694928046,2466672.96082891
36,D,2,Koliella,11.6904761904762,TreKollon_2638730,IV,111.258112646547,1300.66031689177
36,D,2,Ankyra,11.6904761904762,ChlAnkjud_2642105,IV,32.5417369775149,380.428401332376
36,D,2,Plagioselmis,46.7619047619048,CryRho000_3202546,I,77.4146568923807,3620.05681277704
36,D,2,Chlamydomonas,23.3809523809524,ChlChl000_5271004,I,75.43548062953,1763.7533804333
36,D,2,Coelastrum,11.6904761904762,ChlCoe000_7749802,IV,167.373863544576,1956.68016667588
36,C,16,Merismopedia,76.5,CyaMer000_0000000,I,0.116238921777732,195.630105351923
36,C,16,Desmodesmus,43.9875,ChlDes000_2652440,IV,40.687969226831,7159.04818546091
36,C,16,Centrales,290.7,BacCyc000_3193095,VI,5861.0694928046,1703812.9015583
36,C,16,Plagioselmis,128.1375,CryRho000_3202546,I,77.4146568923807,9919.72059754743
36,C,16,Chlamydomonas,15.3,ChlChl000_5271004,I,75.43548062953,1154.16285363181
36,C,16,Chrysochromulina,47.8125,PryChr000_3202213,I,41.8317354512224,2000.07985126157
36,C,16,Tetraedron,3.825,ChlTet000_2672378,IV,27,103.275
36,C,16,Golenkinia,3.825,ChlGolrad_2641100,IV,2144.66058485063,8203.32673705367
36,C,16,Elakatothrix,32.5125,KleElagel_2641001,IV,62.6744384967178,4075.40536324907
36,C,16,Oocystis,11.475,TreOoc000_2641454,IV,211.647598311258,2428.65619062169
36,C,16,Ankyra,3.825,ChlAnkjud_2642105,IV,32.5417369775149,124.472143938994
36,C,16,Quadrigula,17.2125,ChlQua000_2641259,IV,220.539804282003,18980.2069060199
36,C,16,Koliella,1.9125,TreKollon_2638730,IV,111.258112646547,212.781140436521
36,C,16,Cryptomonas,21.0375,CryCry000_3202413,V,1570.97701650429,33049.4289847091
36,I,3,Merismopedia,77.5,CyaMer000_0000000,I,0.116238921777732,198.187361631034
36,I,3,Desmodesmus,2281.94444444444,ChlDes000_2652440,IV,40.687969226831,371390.741331574
36,I,3,Elakatothrix,499.444444444444,KleElagel_2641001,IV,62.6744384967178,62604.8002317214
36,I,3,Coelastrum,43.0555555555556,ChlCoe000_7749802,IV,167.373863544576,7206.37468039147
36,I,3,Snowella,215.277777777778,CyaSno000_3217087,I,4.65095483030042,58072.33878389
36,I,3,Chlamydomonas,8.61111111111111,ChlChl000_5271004,I,75.43548062953,649.583305420953
36,I,3,Oocystis,129.166666666667,TreOoc000_2641454,IV,211.647598311258,27337.8147818708
36,I,3,Sphaerocystis,51.6666666666667,ChlSph000_2639562,I,62.6538811980344,3237.11719523177
36,I,3,Ankyra,34.4444444444444,ChlAnkjud_2642105,IV,32.5417369775149,1120.88205144773
36,I,3,Chrysochromulina,34.4444444444444,PryChr000_3202213,I,41.8317354512224,1440.87088776433
36,I,3,Centrales,51.6666666666667,BacCyc000_3193095,VI,5861.0694928046,302821.923794904
36,I,3,Scenedesmus,17.2222222222222,ChlScearc_2640846,IV,23.2482933092421,1601.54909463668
36,I,3,Plagioselmis,25.8333333333333,CryRho000_3202546,I,77.4146568923807,1999.8786363865
36,I,3,Tetraedron,8.61111111111111,ChlTet000_2672378,IV,27,232.5
36,I,3,Cryptomonas,8.61111111111111,CryCry000_3202413,V,1570.97701650429,13527.8576421203
36,I,3,Golenkinia,8.61111111111111,ChlGolrad_2641100,IV,2144.66058485063,18467.9105917693
