ExpDay,Treatment,mesocosm,Species,Genus,abund,size_fract,label,fun_grp,vol,biovolume
0,D,11,Rhodomonas,Rhodomonas,878.85,small,CryRho000_3202546,I,96.67765625,84965.1581953125
0,D,11,Cyclotella,Cyclotella,403.2,small,BacCyc000_3193095,VI,1359.03125,547961.4
0,D,11,Cryptomonas,Cryptomonas,72.45,small,CryCry000_3202413,V,1644.2243666,119124.05536017
0,D,11,Golenkinia radiata,Golenkinia,3.15,small,ChlGolrad_2641100,IV,1022.135417,3219.72656355
0,D,11,Merismopedia,Merismopedia,9.45,small,CyaMer000_0000000,I,57.9755208278333,547.868671823025
0,D,11,Chrysochromulina,Chrysochromulina,15.75,small,PryChr000_3202213,I,4353.10583333375,68561.4168750066
0,D,11,Quadrigula,Quadrigula,6.3,small,ChlQua000_2641259,IV,69.4288889,437.40200007
0,D,11,Chlamydomonas,Chlamydomonas,6.3,small,ChlChl000_5271004,I,512.692222223333,3229.961000007
0,E,9,Rhodomonas,Rhodomonas,647.854166666667,small,CryRho000_3202546,I,96.67765625,62633.0224251302
0,E,9,Cyclotella,Cyclotella,408.375,small,BacCyc000_3193095,VI,1359.03125,554994.38671875
0,E,9,Cryptomonas,Cryptomonas,85.7083333333333,small,CryCry000_3202413,V,1644.2243666,140923.730087342
0,E,9,Chrysochromulina,Chrysochromulina,2.52083333333333,small,PryChr000_3202213,I,4353.10583333375,10973.4542881955
0,E,9,Chlamydomonas,Chlamydomonas,70.5833333333333,small,ChlChl000_5271004,I,512.692222223333,36187.5260185969
0,E,9,Merismopedia,Merismopedia,17.6458333333333,small,CyaMer000_0000000,I,57.9755208278333,1023.02637794114
0,E,9,Koliella,Koliella,2.52083333333333,small,TreKollon_2638730,IV,129.794342216667,327.189904337847
0,I,12,Rhodomonas,Rhodomonas,425.618181818182,small,CryRho000_3202546,I,96.67765625,41147.7682755682
0,I,12,Cyclotella,Cyclotella,210.722727272727,small,BacCyc000_3193095,VI,1359.03125,286378.771448864
0,I,12,Cryptomonas,Cryptomonas,85.5409090909091,small,CryCry000_3202413,V,1644.2243666,140648.447068388
0,I,12,Chrysochromulina,Chrysochromulina,6.25909090909091,small,PryChr000_3202213,I,4353.10583333375,27246.4851477299
0,I,12,Chlamydomonas,Chlamydomonas,39.6409090909091,small,ChlChl000_5271004,I,512.692222223333,20323.5857727713
0,I,12,Golenkinia radiata,Golenkinia,2.08636363636364,small,ChlGolrad_2641100,IV,1022.135417,2132.54616546818
0,I,12,Tetraedron,Tetraedron,4.17272727272727,small,ChlTet000_2672378,IV,661.625,2760.78068181818
0,I,12,Oocystis,Oocystis,2.08636363636364,small,TreOoc000_2641454,IV,1180.14002970929,2462.20124380256
0,I,12,Merismopedia,Merismopedia,4.17272727272727,small,CyaMer000_0000000,I,57.9755208278333,241.916036908868
0,C,16,Rhodomonas,Rhodomonas,576.065217391304,small,CryRho000_3202546,I,96.67765625,55692.635064538
0,C,16,Cryptomonas,Cryptomonas,39.4565217391304,small,CryCry000_3202413,V,1644.2243666,64875.3744647609
0,C,16,Cyclotella,Cyclotella,220.95652173913,small,BacCyc000_3193095,VI,1359.03125,300286.817934783
0,C,16,Chlamydomonas,Chlamydomonas,55.2391304347826,small,ChlChl000_5271004,I,512.692222223333,28320.6725362933
0,C,16,Chrysochromulina,Chrysochromulina,76.2826086956522,small,PryChr000_3202213,I,4353.10583333375,332066.268894959
0,C,16,Merismopedia,Merismopedia,10.5217391304348,small,CyaMer000_0000000,I,57.9755208278333,610.003306101551
0,C,16,Elakatothrix gelatinosa,Elakatothrix,10.5217391304348,small,KleElagel_2641001,IV,157,1651.91304347826
0,C,1,Cryptomonas,Cryptomonas,70.06,small,CryCry000_3202413,V,1644.2243666,115194.359123996
0,C,1,Rhodomonas,Rhodomonas,474.6,small,CryRho000_3202546,I,96.67765625,45883.21565625
0,C,1,Cyclotella,Cyclotella,128.82,small,BacCyc000_3193095,VI,1359.03125,175070.405625
0,C,1,Chlamydomonas,Chlamydomonas,58.76,small,ChlChl000_5271004,I,512.692222223333,30125.7949778431
0,C,1,Chrysochromulina,Chrysochromulina,110.74,small,PryChr000_3202213,I,4353.10583333375,482062.939983379
0,C,1,Eudorina,Eudorina,2.26,small,ChlEud000_0000000,VII,678.5226,1533.461076
0,C,1,Desmodesmus,Desmodesmus,2.26,small,ChlDes000_2652440,IV,225.120555543333,508.772455527933
0,C,1,Merismopedia,Merismopedia,9.04,small,CyaMer000_0000000,I,57.9755208278333,524.098708283613
0,D,2,Rhodomonas,Rhodomonas,637.884615384615,small,CryRho000_3202546,I,96.67765625,61669.1895733173
0,D,2,Cyclotella,Cyclotella,235.480769230769,small,BacCyc000_3193095,VI,1359.03125,320025.724158654
0,D,2,Chrysochromulina,Chrysochromulina,95.3846153846154,small,PryChr000_3202213,I,4353.10583333375,415219.325641065
0,D,2,Quadrigula,Quadrigula,14.9038461538462,small,ChlQua000_2641259,IV,69.4288889,1034.75747879808
0,D,2,Cryptomonas,Cryptomonas,125.192307692308,small,CryCry000_3202413,V,1644.2243666,205844.242818577
0,D,2,Chlamydomonas,Chlamydomonas,83.4615384615385,small,ChlChl000_5271004,I,512.692222223333,42790.0816240244
0,D,2,Merismopedia,Merismopedia,23.8461538461538,small,CyaMer000_0000000,I,57.9755208278333,1382.49318897141
0,E,15,Merismopedia,Merismopedia,14.6130952380952,small,CyaMer000_0000000,I,57.9755208278333,847.201807335303
0,E,15,Rhodomonas,Rhodomonas,634.208333333333,small,CryRho000_3202546,I,96.67765625,61313.7752408854
0,E,15,Chrysochromulina,Chrysochromulina,75.9880952380952,small,PryChr000_3202213,I,4353.10583333375,330784.220644873
0,E,15,Cyclotella,Cyclotella,324.410714285714,small,BacCyc000_3193095,VI,1359.03125,440884.298549107
0,E,15,Chlamydomonas,Chlamydomonas,58.4523809523809,small,ChlChl000_5271004,I,512.692222223333,29968.081084721
0,E,15,Cryptomonas,Cryptomonas,37.9940476190476,small,CryCry000_3202413,V,1644.2243666,62470.7388809988
0,E,15,Quadrigula,Quadrigula,14.6130952380952,small,ChlQua000_2641259,IV,69.4288889,1014.57096577083
0,I,5,Rhodomonas,Rhodomonas,805.095588235294,small,CryRho000_3202546,I,96.67765625,77834.7545278033
0,I,5,Cyclotella,Cyclotella,252.720588235294,small,BacCyc000_3193095,VI,1359.03125,343455.176930147
0,I,5,Chlamydomonas,Chlamydomonas,176.904411764706,small,ChlChl000_5271004,I,512.692222223333,90697.5159887587
0,I,5,Chrysochromulina,Chrysochromulina,122.75,small,PryChr000_3202213,I,4353.10583333375,534343.741041718
0,I,5,Quadrigula,Quadrigula,36.1029411764706,small,ChlQua000_2641259,IV,69.4288889,2506.58709190441
0,I,5,Cryptomonas,Cryptomonas,108.308823529412,small,CryCry000_3202413,V,1644.2243666,178084.006764838
0,I,5,Merismopedia,Merismopedia,7.22058823529412,small,CyaMer000_0000000,I,57.9755208278333,418.617363624502
0,I,5,Oocystis,Oocystis,7.22058823529412,small,TreOoc000_2641454,IV,1180.14002970929,8521.30521451852
0,C,10,Rhodomonas,Rhodomonas,870.912,small,CryRho000_3202546,I,96.67765625,84197.73096
0,C,10,Cryptomonas,Cryptomonas,120.96,small,CryCry000_3202413,V,1644.2243666,198885.379383936
0,C,10,Cyclotella,Cyclotella,391.104,small,BacCyc000_3193095,VI,1359.03125,531522.558
0,C,10,Chlamydomonas,Chlamydomonas,72.576,small,ChlChl000_5271004,I,512.692222223333,37209.1507200806
0,C,10,Chrysochromulina,Chrysochromulina,80.64,small,PryChr000_3202213,I,4353.10583333375,351034.454400034
0,C,10,Merismopedia,Merismopedia,24.192,small,CyaMer000_0000000,I,57.9755208278333,1402.54379986694
0,C,10,Cosmarium,Cosmarium,4.032,small,ZygCos000_2648709,IV,12272.1666666667,49481.376
0,C,10,Quadrigula,Quadrigula,8.064,small,ChlQua000_2641259,IV,69.4288889,559.8745600896
0,E,6,Rhodomonas,Rhodomonas,619.52,small,CryRho000_3202546,I,96.67765625,59893.7416
0,E,6,Cryptomonas,Cryptomonas,129.066666666667,small,CryCry000_3202413,V,1644.2243666,212214.558249173
0,E,6,Chlamydomonas,Chlamydomonas,100.026666666667,small,ChlChl000_5271004,I,512.692222223333,51282.894014926
0,E,6,Chrysochromulina,Chrysochromulina,109.706666666667,small,PryChr000_3202213,I,4353.10583333375,477564.730622268
0,E,6,Cyclotella,Cyclotella,306.533333333333,small,BacCyc000_3193095,VI,1359.03125,416588.379166667
0,E,6,Quadrigula,Quadrigula,12.9066666666667,small,ChlQua000_2641259,IV,69.4288889,896.095526069333
0,E,6,Oocystis,Oocystis,22.5866666666667,small,TreOoc000_2641454,IV,1180.14002970929,26655.4294710337
0,E,6,Merismopedia,Merismopedia,19.36,small,CyaMer000_0000000,I,57.9755208278333,1122.40608322685
0,D,8,Cryptomonas,Cryptomonas,55.08,small,CryCry000_3202413,V,1644.2243666,90563.878112328
0,D,8,Chlamydomonas,Chlamydomonas,64.26,small,ChlChl000_5271004,I,512.692222223333,32945.6022000714
0,D,8,Rhodomonas,Rhodomonas,447.525,small,CryRho000_3202546,I,96.67765625,43265.6681132812
0,D,8,Cyclotella,Cyclotella,234.09,small,BacCyc000_3193095,VI,1359.03125,318135.6253125
0,D,8,Quadrigula,Quadrigula,11.475,small,ChlQua000_2641259,IV,69.4288889,796.6965001275
0,D,8,Chrysochromulina,Chrysochromulina,112.455,small,PryChr000_3202213,I,4353.10583333375,489528.516487547
0,D,8,Merismopedia,Merismopedia,9.18,small,CyaMer000_0000000,I,57.9755208278333,532.21528119951
0,D,8,Tetraedron,Tetraedron,2.295,small,ChlTet000_2672378,IV,661.625,1518.429375
0,D,8,Oocystis,Oocystis,2.295,small,TreOoc000_2641454,IV,1180.14002970929,2708.42136818281
0,I,3,Cryptomonas,Cryptomonas,116.25,small,CryCry000_3202413,V,1644.2243666,191141.08261725
0,I,3,Chlamydomonas,Chlamydomonas,155,small,ChlChl000_5271004,I,512.692222223333,79467.2944446167
0,I,3,Rhodomonas,Rhodomonas,584.772727272727,small,CryRho000_3202546,I,96.67765625,56534.4567116477
0,I,3,Cyclotella,Cyclotella,440.340909090909,small,BacCyc000_3193095,VI,1359.03125,598437.056107955
0,I,3,Chrysochromulina,Chrysochromulina,151.477272727273,small,PryChr000_3202213,I,4353.10583333375,659396.599526578
0,I,3,Merismopedia,Merismopedia,7.04545454545455,small,CyaMer000_0000000,I,57.9755208278333,408.463896741553
0,I,3,Quadrigula,Quadrigula,14.0909090909091,small,ChlQua000_2641259,IV,69.4288889,978.316161772727
0,I,3,Tetraedron,Tetraedron,3.52272727272727,small,ChlTet000_2672378,IV,661.625,2330.72443181818
0,I,14,Cryptomonas,Cryptomonas,62.7388888888889,small,CryCry000_3202413,V,1644.2243666,103156.809844521
0,I,14,Rhodomonas,Rhodomonas,529.188888888889,small,CryRho000_3202546,I,96.67765625,51160.7414913195
0,I,14,Cyclotella,Cyclotella,433.716666666667,small,BacCyc000_3193095,VI,1359.03125,589434.503645833
0,I,14,Chrysochromulina,Chrysochromulina,73.65,small,PryChr000_3202213,I,4353.10583333375,320606.244625031
0,I,14,Quadrigula,Quadrigula,35.4611111111111,small,ChlQua000_2641259,IV,69.4288889,2462.02554360389
0,I,14,Chlamydomonas,Chlamydomonas,60.0111111111111,small,ChlChl000_5271004,I,512.692222223333,30767.2299136469
0,I,14,Merismopedia,Merismopedia,13.6388888888889,small,CyaMer000_0000000,I,57.9755208278333,790.721686846282
0,I,14,Ankyra judayi,Ankyra,2.72777777777778,small,ChlAnkjud_2642105,IV,112.8306667,307.776985276111
0,E,4,Cryptomonas,Cryptomonas,87.8888888888889,small,CryCry000_3202413,V,1644.2243666,144509.052664511
0,E,4,Rhodomonas,Rhodomonas,455.138888888889,small,CryRho000_3202546,I,96.67765625,44001.7610460069
0,E,4,Chrysochromulina,Chrysochromulina,78.4722222222222,small,PryChr000_3202213,I,4353.10583333375,341597.888310218
0,E,4,Chlamydomonas,Chlamydomonas,94.1666666666667,small,ChlChl000_5271004,I,512.692222223333,48278.5175926972
0,E,4,Cyclotella,Cyclotella,404.916666666667,small,BacCyc000_3193095,VI,1359.03125,550294.403645833
0,E,4,Quadrigula,Quadrigula,15.6944444444444,small,ChlQua000_2641259,IV,69.4288889,1089.64783968056
0,D,13,Rhodomonas,Rhodomonas,553.349206349206,small,CryRho000_3202546,I,96.67765625,53496.5043576389
0,D,13,Chlamydomonas,Chlamydomonas,179.253968253968,small,ChlChl000_5271004,I,512.692222223333,91902.1153264778
0,D,13,Cyclotella,Cyclotella,736.5,small,BacCyc000_3193095,VI,1359.03125,1000926.515625
0,D,13,Chrysochromulina,Chrysochromulina,66.2460317460317,small,PryChr000_3202213,I,4353.10583333375,288375.987228864
0,D,13,Cryptomonas,Cryptomonas,54.5555555555556,small,CryCry000_3202413,V,1644.2243666,89701.5737778444
0,D,13,Merismopedia,Merismopedia,15.5873015873016,small,CyaMer000_0000000,I,57.9755208278333,903.681927824323
0,D,13,Quadrigula,Quadrigula,15.5873015873016,small,ChlQua000_2641259,IV,69.4288889,1082.20903015556
0,D,13,Desmodesmus,Desmodesmus,7.79365079365079,small,ChlDes000_2652440,IV,225.120555543333,1754.51099637741
0,D,13,Elakatothrix gelatinosa,Elakatothrix,3.8968253968254,small,KleElagel_2641001,IV,157,611.801587301587
20,C,7,Merismopedia,Merismopedia,70.7264150943396,small,CyaMer000_0000000,I,57.9755208278333,4100.40075137987
20,C,7,Rhodomonas,Rhodomonas,118.358490566038,small,CryRho000_3202546,I,96.67765625,11442.6214652123
20,C,7,Cyclotella,Cyclotella,242.490566037736,small,BacCyc000_3193095,VI,1359.03125,329552.257075472
20,C,7,Cryptomonas,Cryptomonas,7.21698113207547,small,CryCry000_3202413,V,1644.2243666,11866.3362306509
20,C,7,Chlamydomonas,Chlamydomonas,12.9905660377358,small,ChlChl000_5271004,I,512.692222223333,6660.16216982575
20,C,7,Quadrigula,Quadrigula,28.8679245283019,small,ChlQua000_2641259,IV,69.4288889,2004.26792484906
20,C,7,Chrysochromulina,Chrysochromulina,37.5283018867925,small,PryChr000_3202213,I,4353.10583333375,163364.669858506
20,C,7,Elakatothrix gelatinosa,Elakatothrix,12.9905660377358,small,KleElagel_2641001,IV,157,2039.51886792453
20,C,7,Tetraedron,Tetraedron,1.44339622641509,small,ChlTet000_2672378,IV,661.625,954.987028301887
20,I,3,Merismopedia,Merismopedia,66.55,small,CyaMer000_0000000,I,57.9755208278333,3858.27091109231
20,I,3,Oocystis,Oocystis,12.1,small,TreOoc000_2641454,IV,1180.14002970929,14279.6943594824
20,I,3,Quadrigula,Quadrigula,26.2166666666667,small,ChlQua000_2641259,IV,69.4288889,1820.19403732833
20,I,3,Cyclotella,Cyclotella,52.4333333333333,small,BacCyc000_3193095,VI,1359.03125,71258.5385416667
20,I,3,Desmodesmus,Desmodesmus,110.916666666667,small,ChlDes000_2652440,IV,225.120555543333,24969.6216190147
20,I,3,Cryptomonas,Cryptomonas,24.2,small,CryCry000_3202413,V,1644.2243666,39790.22967172
20,I,3,Chlamydomonas,Chlamydomonas,16.1333333333333,small,ChlChl000_5271004,I,512.692222223333,8271.43451853645
20,I,3,Chrysochromulina,Chrysochromulina,14.1166666666667,small,PryChr000_3202213,I,4353.10583333375,61451.3440138948
20,I,3,Elakatothrix gelatinosa,Elakatothrix,82.6833333333333,small,KleElagel_2641001,IV,157,12981.2833333333
20,I,3,Rhodomonas,Rhodomonas,24.2,small,CryRho000_3202546,I,96.67765625,2339.59928125
20,I,3,Ankyra judayi,Ankyra,14.1166666666667,small,ChlAnkjud_2642105,IV,112.8306667,1592.79291158167
20,I,3,Coelastrum,Coelastrum,4.03333333333333,small,ChlCoe000_7749802,IV,586.13333335,2364.07111117833
20,I,3,Sphaerocystis,Sphaerocystis,4.03333333333333,small,ChlSph000_2639562,I,262.068511908571,1057.0096646979
20,D,8,Chrysochromulina,Chrysochromulina,30,small,PryChr000_3202213,I,4353.10583333375,130593.175000012
20,D,8,Merismopedia,Merismopedia,54,small,CyaMer000_0000000,I,57.9755208278333,3130.678124703
20,D,8,Elakatothrix gelatinosa,Elakatothrix,12,small,KleElagel_2641001,IV,157,1884
20,D,8,Cyclotella,Cyclotella,66,small,BacCyc000_3193095,VI,1359.03125,89696.0625
20,D,8,Cryptomonas,Cryptomonas,18,small,CryCry000_3202413,V,1644.2243666,29596.0385988
20,D,8,Quadrigula,Quadrigula,6,small,ChlQua000_2641259,IV,69.4288889,416.5733334
20,D,8,Rhodomonas,Rhodomonas,6,small,CryRho000_3202546,I,96.67765625,580.0659375
20,D,8,Oocystis,Oocystis,12,small,TreOoc000_2641454,IV,1180.14002970929,14161.6803565114
20,D,8,Desmodesmus,Desmodesmus,12,small,ChlDes000_2652440,IV,225.120555543333,2701.44666652
20,D,8,Chlamydomonas,Chlamydomonas,6,small,ChlChl000_5271004,I,512.692222223333,3076.15333334
20,E,6,Quadrigula,Quadrigula,67.1666666666667,small,ChlQua000_2641259,IV,69.4288889,4663.30703778333
20,E,6,Merismopedia,Merismopedia,82.6666666666667,small,CyaMer000_0000000,I,57.9755208278333,4792.64305510089
20,E,6,Desmodesmus,Desmodesmus,69.75,small,ChlDes000_2652440,IV,225.120555543333,15702.1587491475
20,E,6,Cryptomonas,Cryptomonas,165.333333333333,small,CryCry000_3202413,V,1644.2243666,271845.095277867
20,E,6,Rhodomonas,Rhodomonas,294.5,small,CryRho000_3202546,I,96.67765625,28471.569765625
20,E,6,Cyclotella,Cyclotella,116.25,small,BacCyc000_3193095,VI,1359.03125,157987.3828125
20,E,6,Sphaerocystis,Sphaerocystis,12.9166666666667,small,ChlSph000_2639562,I,262.068511908571,3385.05161215238
20,E,6,Elakatothrix gelatinosa,Elakatothrix,43.9166666666667,small,KleElagel_2641001,IV,157,6894.91666666667
20,E,6,Chrysochromulina,Chrysochromulina,10.3333333333333,small,PryChr000_3202213,I,4353.10583333375,44982.0936111154
20,E,6,Ankyra judayi,Ankyra,12.9166666666667,small,ChlAnkjud_2642105,IV,112.8306667,1457.39611154167
20,E,6,Chlamydomonas,Chlamydomonas,28.4166666666667,small,ChlChl000_5271004,I,512.692222223333,14569.0039815131
20,E,6,Oocystis,Oocystis,18.0833333333333,small,TreOoc000_2641454,IV,1180.14002970929,21340.8655372429
20,E,6,Snowella,Snowella,2.58333333333333,small,CyaSno000_3217087,I,463.368055566667,1197.03414354722
20,I,14,Sphaerocystis,Sphaerocystis,15.481981981982,small,ChlSph000_2639562,I,262.068511908571,4057.33997941333
20,I,14,Desmodesmus,Desmodesmus,117.220720720721,small,ChlDes000_2652440,IV,225.120555543333,26388.7937698386
20,I,14,Rhodomonas,Rhodomonas,22.1171171171171,small,CryRho000_3202546,I,96.67765625,2138.23104588964
20,I,14,Cyclotella,Cyclotella,115.009009009009,small,BacCyc000_3193095,VI,1359.03125,156300.837274775
20,I,14,Chlamydomonas,Chlamydomonas,64.1396396396396,small,ChlChl000_5271004,I,512.692222223333,32883.8943794506
20,I,14,Merismopedia,Merismopedia,86.2567567567568,small,CyaMer000_0000000,I,57.9755208278333,5000.7803978927
20,I,14,Elakatothrix gelatinosa,Elakatothrix,59.7162162162162,small,KleElagel_2641001,IV,157,9375.44594594595
20,I,14,Cryptomonas,Cryptomonas,55.2927927927928,small,CryCry000_3202413,V,1644.2243666,90913.7572072748
20,I,14,Quadrigula,Quadrigula,28.7522522522523,small,ChlQua000_2641259,IV,69.4288889,1996.2369272464
20,I,14,Cryptomonas,Cryptomonas,2.21171171171171,small,CryCry000_3202413,V,1644.2243666,3636.55028829099
20,I,14,Sphaerocystis,Sphaerocystis,2.21171171171171,small,ChlSph000_2639562,I,262.068511908571,579.619997059048
20,I,14,Oocystis,Oocystis,28.7522522522523,small,TreOoc000_2641454,IV,1180.14002970929,33931.6838271819
20,I,14,Ankyra judayi,Ankyra,11.0585585585586,small,ChlAnkjud_2642105,IV,112.8306667,1247.74453490315
20,I,14,Tetraedron,Tetraedron,2.21171171171171,small,ChlTet000_2672378,IV,661.625,1463.32376126126
20,I,14,Coelastrum,Coelastrum,2.21171171171171,small,ChlCoe000_7749802,IV,586.13333335,1296.35795799482
20,D,11,Rhodomonas,Rhodomonas,38.5426356589147,small,CryRho000_3202546,I,96.67765625,3726.21168120155
20,D,11,Chroomonas,Chroomonas,52.5581395348837,small,CryChr000_3202572,I,151.348,7954.56930232558
20,D,11,Merismopedia,Merismopedia,66.5736434108527,small,CyaMer000_0000000,I,57.9755208278333,3859.64165015064
20,D,11,Quadrigula,Quadrigula,26.2790697674419,small,ChlQua000_2641259,IV,69.4288889,1824.52661527907
20,D,11,Cyclotella,Cyclotella,87.5968992248062,small,BacCyc000_3193095,VI,1359.03125,119046.923449612
20,D,11,Cryptomonas,Cryptomonas,19.2713178294574,small,CryCry000_3202413,V,1644.2243666,31686.3703516868
20,D,11,Chlamydomonas,Chlamydomonas,24.5271317829457,small,ChlChl000_5271004,I,512.692222223333,12574.869698563
20,D,11,Desmodesmus,Desmodesmus,54.3100775193798,small,ChlDes000_2652440,IV,225.120555543333,12226.3148227643
20,D,11,Elakatothrix gelatinosa,Elakatothrix,50.8062015503876,small,KleElagel_2641001,IV,157,7976.57364341085
20,D,11,Koliella,Koliella,3.50387596899225,small,TreKollon_2638730,IV,129.794342216667,454.783276604134
20,D,11,Ankyra judayi,Ankyra,8.75968992248062,small,ChlAnkjud_2642105,IV,112.8306667,988.361654038759
20,D,11,Sphaerocystis,Sphaerocystis,15.7674418604651,small,ChlSph000_2639562,I,262.068511908571,4132.15002497701
20,D,11,Oocystis,Oocystis,26.2790697674419,small,TreOoc000_2641454,IV,1180.14002970929,31012.9821760812
20,D,11,Chrysochromulina,Chrysochromulina,1.75193798449612,small,PryChr000_3202213,I,4353.10583333375,7626.37145994905
20,E,4,Cryptomonas,Cryptomonas,41.9395833333333,small,CryCry000_3202413,V,1644.2243666,68958.0848417179
20,E,4,Chroomonas,Chroomonas,64.44375,small,CryChr000_3202572,I,151.348,9753.432675
20,E,4,Elakatothrix gelatinosa,Elakatothrix,9.20625,small,KleElagel_2641001,IV,157,1445.38125
20,E,4,Cyclotella,Cyclotella,27.61875,small,BacCyc000_3193095,VI,1359.03125,37534.7443359375
20,E,4,Rhodomonas,Rhodomonas,91.0395833333333,small,CryRho000_3202546,I,96.67765625,8801.49354264323
20,E,4,Desmodesmus,Desmodesmus,20.4583333333333,small,ChlDes000_2652440,IV,225.120555543333,4605.59136549069
20,E,4,Oocystis,Oocystis,12.275,small,TreOoc000_2641454,IV,1180.14002970929,14486.2188646815
20,E,4,Merismopedia,Merismopedia,56.2604166666667,small,CyaMer000_0000000,I,57.9755208278333,3261.72695824091
20,E,4,Golenkinia radiata,Golenkinia,4.09166666666667,small,ChlGolrad_2641100,IV,1022.135417,4182.23741455833
20,E,4,Sphaerocystis,Sphaerocystis,5.11458333333333,small,ChlSph000_2639562,I,262.068511908571,1340.37124319905
20,E,4,Chlamydomonas,Chlamydomonas,3.06875,small,ChlChl000_5271004,I,512.692222223333,1573.32425694785
20,E,4,Quadrigula,Quadrigula,5.11458333333333,small,ChlQua000_2641259,IV,69.4288889,355.099838019792
20,E,4,Koliella,Koliella,1.02291666666667,small,TreKollon_2638730,IV,129.794342216667,132.768795892465
20,E,4,Coelastrum,Coelastrum,1.02291666666667,small,ChlCoe000_7749802,IV,586.13333335,599.565555572604
20,C,1,Merismopedia,Merismopedia,64.8214285714286,small,CyaMer000_0000000,I,57.9755208278333,3758.05608223277
20,C,1,Cyclotella,Cyclotella,177.178571428571,small,BacCyc000_3193095,VI,1359.03125,240791.215401786
20,C,1,Rhodomonas,Rhodomonas,136.845238095238,small,CryRho000_3202546,I,96.67765625,13229.8768880208
20,C,1,Chlamydomonas,Chlamydomonas,11.5238095238095,small,ChlChl000_5271004,I,512.692222223333,5908.16751324032
20,C,1,Desmodesmus,Desmodesmus,1.44047619047619,small,ChlDes000_2652440,IV,225.120555543333,324.280800246944
20,C,1,Cryptomonas,Cryptomonas,5.76190476190476,small,CryCry000_3202413,V,1644.2243666,9473.86420755238
20,C,1,Quadrigula,Quadrigula,40.3333333333333,small,ChlQua000_2641259,IV,69.4288889,2800.29851896667
20,C,1,Sphaerocystis,Sphaerocystis,2.88095238095238,small,ChlSph000_2639562,I,262.068511908571,755.006903355646
20,C,1,Sphaerocystis,Sphaerocystis,1.44047619047619,small,ChlSph000_2639562,I,262.068511908571,377.503451677823
20,C,1,Cryptomonas,Cryptomonas,2.88095238095238,small,CryCry000_3202413,V,1644.2243666,4736.93210377619
20,C,1,Chrysochromulina,Chrysochromulina,12.9642857142857,small,PryChr000_3202213,I,4353.10583333375,56434.9077678625
20,C,1,Elakatothrix gelatinosa,Elakatothrix,2.88095238095238,small,KleElagel_2641001,IV,157,452.309523809524
20,C,1,Ankyra judayi,Ankyra,1.44047619047619,small,ChlAnkjud_2642105,IV,112.8306667,162.529888936905
20,I,12,Cyclotella,Cyclotella,45.2,small,BacCyc000_3193095,VI,1359.03125,61428.2125
20,I,12,Merismopedia,Merismopedia,46.7066666666667,small,CyaMer000_0000000,I,57.9755208278333,2707.843326132
20,I,12,Quadrigula,Quadrigula,22.6,small,ChlQua000_2641259,IV,69.4288889,1569.09288914
20,I,12,Oocystis,Oocystis,31.64,small,TreOoc000_2641454,IV,1180.14002970929,37339.6305400018
20,I,12,Rhodomonas,Rhodomonas,9.04,small,CryRho000_3202546,I,96.67765625,873.9660125
20,I,12,Desmodesmus,Desmodesmus,36.16,small,ChlDes000_2652440,IV,225.120555543333,8140.35928844693
20,I,12,Ankyra judayi,Ankyra,3.01333333333333,small,ChlAnkjud_2642105,IV,112.8306667,339.996408989333
20,I,12,Cosmarium,Cosmarium,1.50666666666667,small,ZygCos000_2648709,IV,12272.1666666667,18490.0644444444
20,I,12,Koliella,Koliella,18.08,small,TreKollon_2638730,IV,129.794342216667,2346.68170727733
20,I,12,Coelastrum,Coelastrum,4.52,small,ChlCoe000_7749802,IV,586.13333335,2649.322666742
20,I,12,Chlamydomonas,Chlamydomonas,1.50666666666667,small,ChlChl000_5271004,I,512.692222223333,772.456281483156
20,I,12,Chrysochromulina,Chrysochromulina,13.56,small,PryChr000_3202213,I,4353.10583333375,59028.1151000056
20,I,12,Elakatothrix gelatinosa,Elakatothrix,31.64,small,KleElagel_2641001,IV,157,4967.48
20,I,12,Cryptomonas,Cryptomonas,34.6533333333333,small,CryCry000_3202413,V,1644.2243666,56977.8550505787
20,I,12,Sphaerocystis,Sphaerocystis,3.01333333333333,small,ChlSph000_2639562,I,262.068511908571,789.699782551162
20,I,12,Cryptomonas,Cryptomonas,7.53333333333333,small,CryCry000_3202413,V,1644.2243666,12386.4902283867
20,I,12,Sphaerocystis,Sphaerocystis,13.56,small,ChlSph000_2639562,I,262.068511908571,3553.64902148023
20,I,12,Gloeocapsa,Gloeocapsa,6.02666666666667,small,CyaGlo000_3217637,VII,NA,NA
20,I,12,Kirchneriella,Kirchneriella,1.50666666666667,small,ChlKir000_2641223,IV,131.618333315,198.304955527933
20,E,15,Cryptomonas,Cryptomonas,120.214285714286,small,CryCry000_3202413,V,1644.2243666,197659.257784843
20,E,15,Elakatothrix gelatinosa,Elakatothrix,19.6714285714286,small,KleElagel_2641001,IV,157,3088.41428571429
20,E,15,Rhodomonas,Rhodomonas,190.157142857143,small,CryRho000_3202546,I,96.67765625,18383.946890625
20,E,15,Gloeocapsa,Gloeocapsa,4.37142857142857,small,CyaGlo000_3217637,VII,NA,NA
20,E,15,Merismopedia,Merismopedia,74.3142857142857,small,CyaMer000_0000000,I,57.9755208278333,4308.40941923413
20,E,15,Cryptomonas,Cryptomonas,93.9857142857143,small,CryCry000_3202413,V,1644.2243666,154533.601540877
20,E,15,Desmodesmus,Desmodesmus,85.2428571428571,small,ChlDes000_2652440,IV,225.120555543333,19189.919356101
20,E,15,Coelastrum,Coelastrum,6.55714285714286,small,ChlCoe000_7749802,IV,586.13333335,3843.36000010929
20,E,15,Chlamydomonas,Chlamydomonas,24.0428571428571,small,ChlChl000_5271004,I,512.692222223333,12326.5858571696
20,E,15,Cyclotella,Cyclotella,78.6857142857143,small,BacCyc000_3193095,VI,1359.03125,106936.344642857
20,E,15,Sphaerocystis,Sphaerocystis,13.1142857142857,small,ChlSph000_2639562,I,262.068511908571,3436.84134188669
20,E,15,Chrysochromulina,Chrysochromulina,15.3,small,PryChr000_3202213,I,4353.10583333375,66602.5192500063
20,E,15,Quadrigula,Quadrigula,21.8571428571429,small,ChlQua000_2641259,IV,69.4288889,1517.5171431
20,E,15,Oocystis,Oocystis,10.9285714285714,small,TreOoc000_2641454,IV,1180.14002970929,12897.2446103943
20,E,15,Scenedesmus arcuatus,Scenedesmus,2.18571428571429,small,ChlScearc_2640846,IV,586.357619042857,1281.61022447939
20,D,2,Desmodesmus,Desmodesmus,98.4,small,ChlDes000_2652440,IV,225.120555543333,22151.862665464
20,D,2,Merismopedia,Merismopedia,81.6,small,CyaMer000_0000000,I,57.9755208278333,4730.8024995512
20,D,2,Sphaerocystis,Sphaerocystis,31.2,small,ChlSph000_2639562,I,262.068511908571,8176.53757154743
20,D,2,Chrysochromulina,Chrysochromulina,9.6,small,PryChr000_3202213,I,4353.10583333375,41789.816000004
20,D,2,Oocystis,Oocystis,86.4,small,TreOoc000_2641454,IV,1180.14002970929,101964.098566882
20,D,2,Quadrigula,Quadrigula,81.6,small,ChlQua000_2641259,IV,69.4288889,5665.39733424
20,D,2,Cyclotella,Cyclotella,98.4,small,BacCyc000_3193095,VI,1359.03125,133728.675
20,D,2,Chlamydomonas,Chlamydomonas,43.2,small,ChlChl000_5271004,I,512.692222223333,22148.304000048
20,D,2,Elakatothrix gelatinosa,Elakatothrix,21.6,small,KleElagel_2641001,IV,157,3391.2
20,D,2,Sphaerocystis,Sphaerocystis,4.8,small,ChlSph000_2639562,I,262.068511908571,1257.92885716114
20,D,2,Golenkinia radiata,Golenkinia,14.4,small,ChlGolrad_2641100,IV,1022.135417,14718.7500048
20,D,2,Rhodomonas,Rhodomonas,52.8,small,CryRho000_3202546,I,96.67765625,5104.58025
20,D,2,Tetraedron,Tetraedron,4.8,small,ChlTet000_2672378,IV,661.625,3175.8
20,D,2,Cryptomonas,Cryptomonas,4.8,small,CryCry000_3202413,V,1644.2243666,7892.27695968
20,D,2,Cryptomonas,Cryptomonas,2.4,small,CryCry000_3202413,V,1644.2243666,3946.13847984
20,D,2,Coelastrum,Coelastrum,2.4,small,ChlCoe000_7749802,IV,586.13333335,1406.72000004
20,E,9,Desmodesmus,Desmodesmus,70.6742424242424,small,ChlDes000_2652440,IV,225.120555543333,15910.2247171497
20,E,9,Cryptomonas,Cryptomonas,85.5530303030303,small,CryCry000_3202413,V,1644.2243666,140668.377060711
20,E,9,Cryptomonas,Cryptomonas,78.1136363636364,small,CryCry000_3202413,V,1644.2243666,128436.344272823
20,E,9,Rhodomonas,Rhodomonas,154.367424242424,small,CryRho000_3202546,I,96.67765625,14923.880777107
20,E,9,Cyclotella,Cyclotella,59.5151515151515,small,BacCyc000_3193095,VI,1359.03125,80882.9507575758
20,E,9,Merismopedia,Merismopedia,70.6742424242424,small,CyaMer000_0000000,I,57.9755208278333,4097.37601365801
20,E,9,Oocystis,Oocystis,18.5984848484849,small,TreOoc000_2641454,IV,1180.14002970929,21948.8164616386
20,E,9,Chrysochromulina,Chrysochromulina,14.8787878787879,small,PryChr000_3202213,I,4353.10583333375,64768.938308087
20,E,9,Sphaerocystis,Sphaerocystis,5.57954545454546,small,ChlSph000_2639562,I,262.068511908571,1462.22317439896
20,E,9,Elakatothrix gelatinosa,Elakatothrix,7.43939393939394,small,KleElagel_2641001,IV,157,1167.98484848485
20,E,9,Quadrigula,Quadrigula,13.0189393939394,small,ChlQua000_2641259,IV,69.4288889,903.890496777652
20,E,9,Chlamydomonas,Chlamydomonas,35.3371212121212,small,ChlChl000_5271004,I,512.692222223333,18117.0672012177
20,E,9,Sphaerocystis,Sphaerocystis,3.71969696969697,small,ChlSph000_2639562,I,262.068511908571,974.815449599308
20,E,9,Golenkinia radiata,Golenkinia,1.85984848484849,small,ChlGolrad_2641100,IV,1022.135417,1901.01700661742
20,E,9,Coelastrum,Coelastrum,1.85984848484849,small,ChlCoe000_7749802,IV,586.13333335,1090.11919195019
20,E,9,Gloeocapsa,Gloeocapsa,1.85984848484849,small,CyaGlo000_3217637,VII,NA,NA
20,D,13,Merismopedia,Merismopedia,73.625,small,CyaMer000_0000000,I,57.9755208278333,4268.44772094923
20,D,13,Sphaerocystis,Sphaerocystis,38.75,small,ChlSph000_2639562,I,262.068511908571,10155.1548364571
20,D,13,Quadrigula,Quadrigula,19.375,small,ChlQua000_2641259,IV,69.4288889,1345.1847224375
20,D,13,Cyclotella,Cyclotella,62,small,BacCyc000_3193095,VI,1359.03125,84259.9375
20,D,13,Oocystis,Oocystis,63.9375,small,TreOoc000_2641454,IV,1180.14002970929,75455.2031495375
20,D,13,Elakatothrix gelatinosa,Elakatothrix,58.125,small,KleElagel_2641001,IV,157,9125.625
20,D,13,Desmodesmus,Desmodesmus,63.9375,small,ChlDes000_2652440,IV,225.120555543333,14393.6455200519
20,D,13,Cryptomonas,Cryptomonas,38.75,small,CryCry000_3202413,V,1644.2243666,63713.69420575
20,D,13,Rhodomonas,Rhodomonas,11.625,small,CryRho000_3202546,I,96.67765625,1123.87775390625
20,D,13,Koliella,Koliella,21.3125,small,TreKollon_2638730,IV,129.794342216667,2766.24191849271
20,D,13,Cryptomonas,Cryptomonas,15.5,small,CryCry000_3202413,V,1644.2243666,25485.4776823
20,D,13,Sphaerocystis,Sphaerocystis,13.5625,small,ChlSph000_2639562,I,262.068511908571,3554.30419276
20,D,13,Golenkinia radiata,Golenkinia,5.8125,small,ChlGolrad_2641100,IV,1022.135417,5941.1621113125
20,D,13,Chrysochromulina,Chrysochromulina,7.75,small,PryChr000_3202213,I,4353.10583333375,33736.5702083366
20,D,13,Chlamydomonas,Chlamydomonas,7.75,small,ChlChl000_5271004,I,512.692222223333,3973.36472223083
20,D,13,Monoraphidium,Monoraphidium,7.75,small,ChlMon000_0000000,IV,44.446945313125,344.463826176719
20,C,10,Merismopedia,Merismopedia,80.6666666666667,small,CyaMer000_0000000,I,57.9755208278333,4676.69201344522
20,C,10,Quadrigula,Quadrigula,24.968253968254,small,ChlQua000_2641259,IV,69.4288889,1733.51813078889
20,C,10,Cyclotella,Cyclotella,322.666666666667,small,BacCyc000_3193095,VI,1359.03125,438514.083333333
20,C,10,Rhodomonas,Rhodomonas,111.396825396825,small,CryRho000_3202546,I,96.67765625,10769.5839930556
20,C,10,Cryptomonas,Cryptomonas,7.68253968253968,small,CryCry000_3202413,V,1644.2243666,12631.8189434032
20,C,10,Chrysochromulina,Chrysochromulina,23.047619047619,small,PryChr000_3202213,I,4353.10583333375,100328.724920644
20,C,10,Snowella,Snowella,1.92063492063492,small,CyaSno000_3217087,I,463.368055566667,889.960868628042
20,C,10,Chlamydomonas,Chlamydomonas,38.4126984126984,small,ChlChl000_5271004,I,512.692222223333,19693.8917108011
20,C,10,Cryptomonas,Cryptomonas,1.92063492063492,small,CryCry000_3202413,V,1644.2243666,3157.95473585079
20,C,10,Elakatothrix gelatinosa,Elakatothrix,7.68253968253968,small,KleElagel_2641001,IV,157,1206.15873015873
20,C,10,Desmodesmus,Desmodesmus,1.92063492063492,small,ChlDes000_2652440,IV,225.120555543333,432.374400329259
20,C,10,Sphaerocystis,Sphaerocystis,3.84126984126984,small,ChlSph000_2639562,I,262.068511908571,1006.67587114086
20,C,10,Ankyra judayi,Ankyra,5.76190476190476,small,ChlAnkjud_2642105,IV,112.8306667,650.119555747619
20,C,10,Oocystis,Oocystis,17.2857142857143,small,TreOoc000_2641454,IV,1180.14002970929,20399.5633706891
20,I,5,Merismopedia,Merismopedia,72.7407407407407,small,CyaMer000_0000000,I,57.9755208278333,4217.18232984684
20,I,5,Sphaerocystis,Sphaerocystis,18.1851851851852,small,ChlSph000_2639562,I,262.068511908571,4765.76442026328
20,I,5,Cyclotella,Cyclotella,110.92962962963,small,BacCyc000_3193095,VI,1359.03125,150756.833217593
20,I,5,Cryptomonas,Cryptomonas,36.3703703703704,small,CryCry000_3202413,V,1644.2243666,59801.0491852296
20,I,5,Desmodesmus,Desmodesmus,76.3777777777778,small,ChlDes000_2652440,IV,225.120555543333,17194.2077644986
20,I,5,Chrysochromulina,Chrysochromulina,5.45555555555556,small,PryChr000_3202213,I,4353.10583333375,23748.6107129652
20,I,5,Elakatothrix gelatinosa,Elakatothrix,107.292592592593,small,KleElagel_2641001,IV,157,16844.937037037
20,I,5,Chlamydomonas,Chlamydomonas,18.1851851851852,small,ChlChl000_5271004,I,512.692222223333,9323.40300413543
20,I,5,Sphaerocystis,Sphaerocystis,5.45555555555556,small,ChlSph000_2639562,I,262.068511908571,1429.72932607898
20,I,5,Quadrigula,Quadrigula,12.7296296296296,small,ChlQua000_2641259,IV,69.4288889,883.804041293704
20,I,5,Oocystis,Oocystis,20.0037037037037,small,TreOoc000_2641454,IV,1180.14002970929,23607.1714831846
20,I,5,Rhodomonas,Rhodomonas,43.6444444444445,small,CryRho000_3202546,I,96.67765625,4219.44259722222
20,I,5,Ankyra judayi,Ankyra,34.5518518518519,small,ChlAnkjud_2642105,IV,112.8306667,3898.50848016407
20,I,5,Gloeocapsa,Gloeocapsa,1.81851851851852,small,CyaGlo000_3217637,VII,NA,NA
20,I,5,Cryptomonas,Cryptomonas,16.3666666666667,small,CryCry000_3202413,V,1644.2243666,26910.4721333533
20,I,5,Ankistrodesmus,Ankistrodesmus,1.81851851851852,small,ChlAnk000_9516573,IV,40.9835416675,74.5293294768241
20,I,5,Coelastrum,Coelastrum,1.81851851851852,small,ChlCoe000_7749802,IV,586.13333335,1065.89432101796
20,I,5,Snowella,Snowella,3.63703703703704,small,CyaSno000_3217087,I,463.368055566667,1685.2867798758
20,C,16,Merismopedia,Merismopedia,62.8,small,CyaMer000_0000000,I,57.9755208278333,3640.86270798793
20,C,16,Elakatothrix gelatinosa,Elakatothrix,17.27,small,KleElagel_2641001,IV,157,2711.39
20,C,16,Rhodomonas,Rhodomonas,73.79,small,CryRho000_3202546,I,96.67765625,7133.8442546875
20,C,16,Cyclotella,Cyclotella,251.2,small,BacCyc000_3193095,VI,1359.03125,341388.65
20,C,16,Snowella,Snowella,1.57,small,CyaSno000_3217087,I,463.368055566667,727.487847239667
20,C,16,Quadrigula,Quadrigula,78.5,small,ChlQua000_2641259,IV,69.4288889,5450.16777865
20,C,16,Cryptomonas,Cryptomonas,10.99,small,CryCry000_3202413,V,1644.2243666,18070.025788934
20,C,16,Ankyra judayi,Ankyra,9.42,small,ChlAnkjud_2642105,IV,112.8306667,1062.864880314
20,C,16,Chlamydomonas,Chlamydomonas,12.56,small,ChlChl000_5271004,I,512.692222223333,6439.41431112507
20,C,16,Chrysochromulina,Chrysochromulina,18.84,small,PryChr000_3202213,I,4353.10583333375,82012.5139000078
20,C,16,Sphaerocystis,Sphaerocystis,7.85,small,ChlSph000_2639562,I,262.068511908571,2057.23781848229
20,C,16,Oocystis,Oocystis,1.57,small,TreOoc000_2641454,IV,1180.14002970929,1852.81984664358
20,C,16,Desmodesmus,Desmodesmus,3.14,small,ChlDes000_2652440,IV,225.120555543333,706.878544406067
20,C,7,Merismopedia,Merismopedia,75.3333333333333,small,CyaMer000_0000000,I,57.9755208278333,4367.48923569678
20,C,7,Chlamydomonas,Chlamydomonas,23.0185185185185,small,ChlChl000_5271004,I,512.692222223333,11801.4154115482
20,C,7,Quadrigula,Quadrigula,62.7777777777778,small,ChlQua000_2641259,IV,69.4288889,4358.59135872222
20,C,7,Rhodomonas,Rhodomonas,117.185185185185,small,CryRho000_3202546,I,96.67765625,11329.1890509259
20,C,7,Cyclotella,Cyclotella,393.407407407407,small,BacCyc000_3193095,VI,1359.03125,534652.960648148
20,C,7,Oocystis,Oocystis,8.37037037037037,small,TreOoc000_2641454,IV,1180.14002970929,9878.20913756661
20,C,7,Cryptomonas,Cryptomonas,14.6481481481481,small,CryCry000_3202413,V,1644.2243666,24084.8421107518
20,C,7,Chrysochromulina,Chrysochromulina,41.8518518518518,small,PryChr000_3202213,I,4353.10583333375,182185.540432116
20,C,7,Cryptomonas,Cryptomonas,14.6481481481481,small,CryCry000_3202413,V,1644.2243666,24084.8421107518
20,C,7,Ankyra judayi,Ankyra,12.5555555555556,small,ChlAnkjud_2642105,IV,112.8306667,1416.65170412222
20,C,7,Elakatothrix gelatinosa,Elakatothrix,16.7407407407407,small,KleElagel_2641001,IV,157,2628.2962962963
20,C,7,Sphaerocystis,Sphaerocystis,8.37037037037037,small,ChlSph000_2639562,I,262.068511908571,2193.61050708656
20,C,7,Desmodesmus,Desmodesmus,2.09259259259259,small,ChlDes000_2652440,IV,225.120555543333,471.085606970309
20,C,7,Golenkinia radiata,Golenkinia,2.09259259259259,small,ChlGolrad_2641100,IV,1022.135417,2138.91300224074
20,C,7,Stauridium,Stauridium,2.09259259259259,small,ChlSta000_4339881,IV,NA,NA
20,C,7,Gloeocapsa,Gloeocapsa,2.09259259259259,small,CyaGlo000_3217637,VII,NA,NA
20,D,8,Merismopedia,Merismopedia,58.8461538461538,small,CyaMer000_0000000,I,57.9755208278333,3411.63641794558
20,D,8,Rhodomonas,Rhodomonas,54.9230769230769,small,CryRho000_3202546,I,96.67765625,5309.83435096154
20,D,8,Cyclotella,Cyclotella,186.346153846154,small,BacCyc000_3193095,VI,1359.03125,253250.246394231
20,D,8,Elakatothrix gelatinosa,Elakatothrix,19.6153846153846,small,KleElagel_2641001,IV,157,3079.61538461538
20,D,8,Koliella,Koliella,15.6923076923077,small,TreKollon_2638730,IV,129.794342216667,2036.77275478462
20,D,8,Desmodesmus,Desmodesmus,15.6923076923077,small,ChlDes000_2652440,IV,225.120555543333,3532.66102544923
20,D,8,Sphaerocystis,Sphaerocystis,13.7307692307692,small,ChlSph000_2639562,I,262.068511908571,3598.40225966769
20,D,8,Cryptomonas,Cryptomonas,13.7307692307692,small,CryCry000_3202413,V,1644.2243666,22576.4653413923
20,D,8,Chlamydomonas,Chlamydomonas,15.6923076923077,small,ChlChl000_5271004,I,512.692222223333,8045.32410258154
20,D,8,Chrysochromulina,Chrysochromulina,21.5769230769231,small,PryChr000_3202213,I,4353.10583333375,93926.6297115474
20,D,8,Quadrigula,Quadrigula,47.0769230769231,small,ChlQua000_2641259,IV,69.4288889,3268.49846206154
20,D,8,Oocystis,Oocystis,11.7692307692308,small,TreOoc000_2641454,IV,1180.14002970929,13889.3403496554
20,D,8,Ankyra judayi,Ankyra,15.6923076923077,small,ChlAnkjud_2642105,IV,112.8306667,1770.57353898462
20,D,8,Cryptomonas,Cryptomonas,7.84615384615385,small,CryCry000_3202413,V,1644.2243666,12900.8373379385
20,I,3,Desmodesmus,Desmodesmus,129.066666666667,small,ChlDes000_2652440,IV,225.120555543333,29055.5597021262
20,I,3,Ankyra judayi,Ankyra,19.7185185185185,small,ChlAnkjud_2642105,IV,112.8306667,2224.85359078074
20,I,3,Merismopedia,Merismopedia,71.7037037037037,small,CyaMer000_0000000,I,57.9755208278333,4157.05956750686
20,I,3,Cryptomonas,Cryptomonas,34.0592592592593,small,CryCry000_3202413,V,1644.2243666,56001.0639824207
20,I,3,Chlamydomonas,Chlamydomonas,1.79259259259259,small,ChlChl000_5271004,I,512.692222223333,919.048279837383
20,I,3,Chrysochromulina,Chrysochromulina,8.96296296296296,small,PryChr000_3202213,I,4353.10583333375,39016.7263580284
20,I,3,Sphaerocystis,Sphaerocystis,14.3407407407407,small,ChlSph000_2639562,I,262.068511908571,3758.25658559255
20,I,3,Elakatothrix gelatinosa,Elakatothrix,82.4592592592593,small,KleElagel_2641001,IV,157,12946.1037037037
20,I,3,Cryptomonas,Cryptomonas,7.17037037037037,small,CryCry000_3202413,V,1644.2243666,11789.6976805096
20,I,3,Oocystis,Oocystis,14.3407407407407,small,TreOoc000_2641454,IV,1180.14002970929,16924.0822038309
20,I,3,Quadrigula,Quadrigula,23.3037037037037,small,ChlQua000_2641259,IV,69.4288889,1617.95025540296
20,I,3,Cyclotella,Cyclotella,39.437037037037,small,BacCyc000_3193095,VI,1359.03125,53596.1657407407
20,I,3,Rhodomonas,Rhodomonas,10.7555555555556,small,CryRho000_3202546,I,96.67765625,1039.82190277778
20,I,3,Sphaerocystis,Sphaerocystis,26.8888888888889,small,ChlSph000_2639562,I,262.068511908571,7046.73109798603
20,I,3,Coelastrum,Coelastrum,1.79259259259259,small,ChlCoe000_7749802,IV,586.13333335,1050.69827163481
20,I,3,Koliella,Koliella,1.79259259259259,small,TreKollon_2638730,IV,129.794342216667,232.668376418025
20,I,3,Snowella,Snowella,1.79259259259259,small,CyaSno000_3217087,I,463.368055566667,830.630144052839
12,I,3,Stephanodiscus,Stephanodiscus,158.552083333333,small,BacSte000_3193250,VI,NA,NA
12,I,3,Cyclotella,Cyclotella,355.463541666667,small,BacCyc000_3193095,VI,1359.03125,483086.061360677
12,I,3,Quadrigula,Quadrigula,7.671875,small,ChlQua000_2641259,IV,69.4288889,532.649757029688
12,I,3,Merismopedia,Merismopedia,74.1614583333333,small,CyaMer000_0000000,I,57.9755208278333,4299.54917222666
12,I,3,Cryptomonas,Cryptomonas,30.6875,small,CryCry000_3202413,V,1644.2243666,50457.1352500375
12,I,3,Sphaerocystis,Sphaerocystis,12.7864583333333,small,ChlSph000_2639562,I,262.068511908571,3350.92810799762
12,I,3,Chrysochromulina,Chrysochromulina,86.9479166666667,small,PryChr000_3202213,I,4353.10583333375,378493.483237883
12,I,3,Rhodomonas,Rhodomonas,10.2291666666667,small,CryRho000_3202546,I,96.67765625,988.931858723958
12,I,3,Desmodesmus,Desmodesmus,10.2291666666667,small,ChlDes000_2652440,IV,225.120555543333,2302.79568274535
12,I,3,Cryptomonas,Cryptomonas,7.671875,small,CryCry000_3202413,V,1644.2243666,12614.2838125094
12,I,3,Ankyra judayi,Ankyra,10.2291666666667,small,ChlAnkjud_2642105,IV,112.8306667,1154.16369478542
12,I,3,Elakatothrix gelatinosa,Elakatothrix,5.11458333333333,small,KleElagel_2641001,IV,157,802.989583333333
12,I,3,Chlamydomonas,Chlamydomonas,2.55729166666667,small,ChlChl000_5271004,I,512.692222223333,1311.10354745655
12,I,3,Tetraedron,Tetraedron,2.55729166666667,small,ChlTet000_2672378,IV,661.625,1691.96809895833
12,C,7,Merismopedia,Merismopedia,68.5576923076923,small,CyaMer000_0000000,I,57.9755208278333,3974.6679182928
12,C,7,Cyclotella,Cyclotella,503.75,small,BacCyc000_3193095,VI,1359.03125,684611.9921875
12,C,7,Cryptomonas,Cryptomonas,29.8076923076923,small,CryCry000_3202413,V,1644.2243666,49010.5340044231
12,C,7,Chrysochromulina,Chrysochromulina,116.25,small,PryChr000_3202213,I,4353.10583333375,506048.553125048
12,C,7,Stephanodiscus,Stephanodiscus,199.711538461538,small,BacSte000_3193250,VI,NA,NA
12,C,7,Chlamydomonas,Chlamydomonas,17.8846153846154,small,ChlChl000_5271004,I,512.692222223333,9169.30320514808
12,C,7,Cryptomonas,Cryptomonas,5.96153846153846,small,CryCry000_3202413,V,1644.2243666,9802.10680088462
12,C,7,Desmodesmus,Desmodesmus,5.96153846153846,small,ChlDes000_2652440,IV,225.120555543333,1342.06485035449
12,C,7,Monoraphidium,Monoraphidium,2.98076923076923,small,ChlMon000_0000000,IV,44.446945313125,132.486086991046
12,C,7,Quadrigula,Quadrigula,2.98076923076923,small,ChlQua000_2641259,IV,69.4288889,206.951495759615
12,C,7,Ankyra judayi,Ankyra,2.98076923076923,small,ChlAnkjud_2642105,IV,112.8306667,336.322179586538
12,C,7,Koliella,Koliella,2.98076923076923,small,TreKollon_2638730,IV,129.794342216667,386.886981607372
12,C,7,Elakatothrix gelatinosa,Elakatothrix,2.98076923076923,small,KleElagel_2641001,IV,157,467.980769230769
12,D,13,Merismopedia,Merismopedia,46.5820512820513,small,CyaMer000_0000000,I,57.9755208278333,2700.61868430576
12,D,13,Cyclotella,Cyclotella,338.664102564103,small,BacCyc000_3193095,VI,1359.03125,460255.098637821
12,D,13,Rhodomonas,Rhodomonas,7.55384615384615,small,CryRho000_3202546,I,96.67765625,730.288141826923
12,D,13,Chrysochromulina,Chrysochromulina,12.5897435897436,small,PryChr000_3202213,I,4353.10583333375,54804.486260689
12,D,13,Elakatothrix gelatinosa,Elakatothrix,2.51794871794872,small,KleElagel_2641001,IV,157,395.317948717949
12,D,13,Chlamydomonas,Chlamydomonas,2.51794871794872,small,ChlChl000_5271004,I,512.692222223333,1290.93272364952
12,D,13,Oocystis,Oocystis,1.25897435897436,small,TreOoc000_2641454,IV,1180.14002970929,1485.76603740323
12,D,13,Stephanodiscus,Stephanodiscus,2.51794871794872,small,BacSte000_3193250,VI,NA,NA
12,D,13,Ankyra judayi,Ankyra,5.03589743589744,small,ChlAnkjud_2642105,IV,112.8306667,568.203665125128
12,D,13,Sphaerocystis,Sphaerocystis,1.25897435897436,small,ChlSph000_2639562,I,262.068511908571,329.937536787458
12,E,9,Merismopedia,Merismopedia,63,small,CyaMer000_0000000,I,57.9755208278333,3652.4578121535
12,E,9,Cyclotella,Cyclotella,310.5,small,BacCyc000_3193095,VI,1359.03125,421979.203125
12,E,9,Stephanodiscus,Stephanodiscus,42,small,BacSte000_3193250,VI,NA,NA
12,E,9,Rhodomonas,Rhodomonas,27,small,CryRho000_3202546,I,96.67765625,2610.29671875
12,E,9,Chrysochromulina,Chrysochromulina,18,small,PryChr000_3202213,I,4353.10583333375,78355.9050000075
12,E,9,Ankistrodesmus,Ankistrodesmus,3,small,ChlAnk000_9516573,IV,40.9835416675,122.9506250025
12,E,9,Oocystis,Oocystis,4.5,small,TreOoc000_2641454,IV,1180.14002970929,5310.63013369179
12,E,9,Chlamydomonas,Chlamydomonas,3,small,ChlChl000_5271004,I,512.692222223333,1538.07666667
12,E,9,Gloeocapsa,Gloeocapsa,3,small,CyaGlo000_3217637,VII,NA,NA
12,E,9,Cryptomonas,Cryptomonas,6,small,CryCry000_3202413,V,1644.2243666,9865.3461996
12,E,9,Quadrigula,Quadrigula,3,small,ChlQua000_2641259,IV,69.4288889,208.2866667
12,E,9,Elakatothrix gelatinosa,Elakatothrix,1.5,small,KleElagel_2641001,IV,157,235.5
12,E,9,Golenkinia radiata,Golenkinia,1.5,small,ChlGolrad_2641100,IV,1022.135417,1533.2031255
12,E,9,Desmodesmus,Desmodesmus,4.5,small,ChlDes000_2652440,IV,225.120555543333,1013.042499945
12,E,9,Ankyra judayi,Ankyra,1.5,small,ChlAnkjud_2642105,IV,112.8306667,169.24600005
12,E,4,Merismopedia,Merismopedia,70.38,small,CyaMer000_0000000,I,57.9755208278333,4080.31715586291
12,E,4,Chrysochromulina,Chrysochromulina,131.58,small,PryChr000_3202213,I,4353.10583333375,572781.665550055
12,E,4,Cyclotella,Cyclotella,400.86,small,BacCyc000_3193095,VI,1359.03125,544781.266875
12,E,4,Desmodesmus,Desmodesmus,6.12,small,ChlDes000_2652440,IV,225.120555543333,1377.7377999252
12,E,4,Stephanodiscus,Stephanodiscus,177.48,small,BacSte000_3193250,VI,NA,NA
12,E,4,Cryptomonas,Cryptomonas,21.42,small,CryCry000_3202413,V,1644.2243666,35219.285932572
12,E,4,Cryptomonas,Cryptomonas,9.18,small,CryCry000_3202413,V,1644.2243666,15093.979685388
12,E,4,Quadrigula,Quadrigula,27.54,small,ChlQua000_2641259,IV,69.4288889,1912.071600306
12,E,4,Oocystis,Oocystis,3.06,small,TreOoc000_2641454,IV,1180.14002970929,3611.22849091041
12,E,4,Tetraedron,Tetraedron,110.16,small,ChlTet000_2672378,IV,661.625,72884.61
12,E,4,Ankyra judayi,Ankyra,3.06,small,ChlAnkjud_2642105,IV,112.8306667,345.261840102
12,E,4,Monoraphidium,Monoraphidium,6.12,small,ChlMon000_0000000,IV,44.446945313125,272.015305316325
12,E,4,Rhodomonas,Rhodomonas,3.06,small,CryRho000_3202546,I,96.67765625,295.833628125
12,E,4,Golenkinia radiata,Golenkinia,3.06,small,ChlGolrad_2641100,IV,1022.135417,3127.73437602
12,I,12,Merismopedia,Merismopedia,67.8333333333333,small,CyaMer000_0000000,I,57.9755208278333,3932.67282948803
12,I,12,Cyclotella,Cyclotella,223.666666666667,small,BacCyc000_3193095,VI,1359.03125,303969.989583333
12,I,12,Stephanodiscus,Stephanodiscus,78.8333333333333,small,BacSte000_3193250,VI,NA,NA
12,I,12,Rhodomonas,Rhodomonas,29.3333333333333,small,CryRho000_3202546,I,96.67765625,2835.87791666667
12,I,12,Quadrigula,Quadrigula,11,small,ChlQua000_2641259,IV,69.4288889,763.7177779
12,I,12,Cryptomonas,Cryptomonas,3.66666666666667,small,CryCry000_3202413,V,1644.2243666,6028.82267753333
12,I,12,Desmodesmus,Desmodesmus,5.5,small,ChlDes000_2652440,IV,225.120555543333,1238.16305548833
12,I,12,Chrysochromulina,Chrysochromulina,36.6666666666667,small,PryChr000_3202213,I,4353.10583333375,159613.880555571
12,I,12,Ankyra judayi,Ankyra,1.83333333333333,small,ChlAnkjud_2642105,IV,112.8306667,206.856222283333
12,I,12,Golenkinia radiata,Golenkinia,1.83333333333333,small,ChlGolrad_2641100,IV,1022.135417,1873.91493116667
12,I,12,Coelastrum,Coelastrum,5.5,small,ChlCoe000_7749802,IV,586.13333335,3223.733333425
12,I,12,Cryptomonas,Cryptomonas,1.83333333333333,small,CryCry000_3202413,V,1644.2243666,3014.41133876667
12,I,12,Elakatothrix gelatinosa,Elakatothrix,1.83333333333333,small,KleElagel_2641001,IV,157,287.833333333333
12,C,1,Merismopedia,Merismopedia,69.6833333333333,small,CyaMer000_0000000,I,57.9755208278333,4039.92754301952
12,C,1,Cyclotella,Cyclotella,448.233333333333,small,BacCyc000_3193095,VI,1359.03125,609163.107291667
12,C,1,Chrysochromulina,Chrysochromulina,32.0166666666667,small,PryChr000_3202213,I,4353.10583333375,139371.938430569
12,C,1,Koliella,Koliella,1.88333333333333,small,TreKollon_2638730,IV,129.794342216667,244.446011174722
12,C,1,Rhodomonas,Rhodomonas,26.3666666666667,small,CryRho000_3202546,I,96.67765625,2549.06753645833
12,C,1,Chlamydomonas,Chlamydomonas,20.7166666666667,small,ChlChl000_5271004,I,512.692222223333,10621.2738703934
12,C,1,Stephanodiscus,Stephanodiscus,9.41666666666666,small,BacSte000_3193250,VI,NA,NA
12,C,1,Quadrigula,Quadrigula,5.65,small,ChlQua000_2641259,IV,69.4288889,392.273222285
12,C,1,Tetraedron,Tetraedron,1.88333333333333,small,ChlTet000_2672378,IV,661.625,1246.06041666667
12,C,1,Gloeocapsa,Gloeocapsa,1.88333333333333,small,CyaGlo000_3217637,VII,NA,NA
12,C,1,Desmodesmus,Desmodesmus,3.76666666666667,small,ChlDes000_2652440,IV,225.120555543333,847.954092546555
12,C,1,Snowella,Snowella,3.76666666666667,small,CyaSno000_3217087,I,463.368055566667,1745.35300930111
12,C,1,Golenkinia radiata,Golenkinia,3.76666666666667,small,ChlGolrad_2641100,IV,1022.135417,3850.04340403333
12,C,1,Cryptomonas,Cryptomonas,1.88333333333333,small,CryCry000_3202413,V,1644.2243666,3096.62255709667
12,D,11,Merismopedia,Merismopedia,80.7428571428571,small,CyaMer000_0000000,I,57.9755208278333,4681.10919598449
12,D,11,Golenkinia radiata,Golenkinia,6.72857142857143,small,ChlGolrad_2641100,IV,1022.135417,6877.51116295714
12,D,11,Stephanodiscus,Stephanodiscus,248.957142857143,small,BacSte000_3193250,VI,NA,NA
12,D,11,Cyclotella,Cyclotella,334.185714285714,small,BacCyc000_3193095,VI,1359.03125,454168.829017857
12,D,11,Cryptomonas,Cryptomonas,29.1571428571429,small,CryCry000_3202413,V,1644.2243666,47940.8847461514
12,D,11,Tetraedron,Tetraedron,6.72857142857143,small,ChlTet000_2672378,IV,661.625,4451.79107142857
12,D,11,Chlamydomonas,Chlamydomonas,8.97142857142857,small,ChlChl000_5271004,I,512.692222223333,4599.58165080362
12,D,11,Rhodomonas,Rhodomonas,44.8571428571429,small,CryRho000_3202546,I,96.67765625,4336.6834375
12,D,11,Cryptomonas,Cryptomonas,13.4571428571429,small,CryCry000_3202413,V,1644.2243666,22126.5621905314
12,D,11,Koliella,Koliella,4.48571428571428,small,TreKollon_2638730,IV,129.794342216667,582.22033508619
12,D,11,Desmodesmus,Desmodesmus,6.72857142857143,small,ChlDes000_2652440,IV,225.120555543333,1514.739738013
12,D,11,Snowella,Snowella,2.24285714285714,small,CyaSno000_3217087,I,463.368055566667,1039.26835319952
12,D,11,Elakatothrix gelatinosa,Elakatothrix,2.24285714285714,small,KleElagel_2641001,IV,157,352.128571428571
12,D,11,Oocystis,Oocystis,2.24285714285714,small,TreOoc000_2641454,IV,1180.14002970929,2646.88549520511
12,D,11,Quadrigula,Quadrigula,2.24285714285714,small,ChlQua000_2641259,IV,69.4288889,155.71907939
12,D,11,Monoraphidium,Monoraphidium,2.24285714285714,small,ChlMon000_0000000,IV,44.446945313125,99.6881487737232
12,D,2,Merismopedia,Merismopedia,75.1034482758621,small,CyaMer000_0000000,I,57.9755208278333,4354.16152975934
12,D,2,Stephanodiscus,Stephanodiscus,228.091954022988,small,BacSte000_3193250,VI,NA,NA
12,D,2,Chrysochromulina,Chrysochromulina,158.551724137931,small,PryChr000_3202213,I,4353.10583333375,690192.435229951
12,D,2,Elakatothrix gelatinosa,Elakatothrix,11.1264367816092,small,KleElagel_2641001,IV,157,1746.85057471264
12,D,2,Quadrigula,Quadrigula,16.6896551724138,small,ChlQua000_2641259,IV,69.4288889,1158.74421474483
12,D,2,Cyclotella,Cyclotella,436.712643678161,small,BacCyc000_3193095,VI,1359.03125,593506.130028736
12,D,2,Rhodomonas,Rhodomonas,36.1609195402299,small,CryRho000_3202546,I,96.67765625,3495.95294899425
12,D,2,Cryptomonas,Cryptomonas,11.1264367816092,small,CryCry000_3202413,V,1644.2243666,18294.3584697563
12,D,2,Chlamydomonas,Chlamydomonas,22.2528735632184,small,ChlChl000_5271004,I,512.692222223333,11408.8751979813
12,D,2,Golenkinia radiata,Golenkinia,5.5632183908046,small,ChlGolrad_2641100,IV,1022.135417,5686.36254974712
12,D,2,Cryptomonas,Cryptomonas,36.1609195402299,small,CryCry000_3202413,V,1644.2243666,59456.665026708
12,D,2,Sphaerocystis,Sphaerocystis,38.9425287356322,small,ChlSph000_2639562,I,262.068511908571,10205.6105557039
12,D,2,Ankistrodesmus,Ankistrodesmus,2.7816091954023,small,ChlAnk000_9516573,IV,40.9835416675,114.000196362471
12,D,2,Tetraedron,Tetraedron,5.5632183908046,small,ChlTet000_2672378,IV,661.625,3680.76436781609
12,I,5,Merismopedia,Merismopedia,84,small,CyaMer000_0000000,I,57.9755208278333,4869.943749538
12,I,5,Stephanodiscus,Stephanodiscus,60,small,BacSte000_3193250,VI,NA,NA
12,I,5,Oocystis,Oocystis,324,small,TreOoc000_2641454,IV,1180.14002970929,382365.369625809
12,I,5,Cryptomonas,Cryptomonas,48,small,CryCry000_3202413,V,1644.2243666,78922.7695968
12,I,5,Chrysochromulina,Chrysochromulina,112,small,PryChr000_3202213,I,4353.10583333375,487547.85333338
12,I,5,Cyclotella,Cyclotella,708,small,BacCyc000_3193095,VI,1359.03125,962194.125
12,I,5,Rhodomonas,Rhodomonas,24,small,CryRho000_3202546,I,96.67765625,2320.26375
12,I,5,Sphaerocystis,Sphaerocystis,8,small,ChlSph000_2639562,I,262.068511908571,2096.54809526857
12,I,5,Tetraedron,Tetraedron,12,small,ChlTet000_2672378,IV,661.625,7939.5
12,I,5,Ankyra judayi,Ankyra,4,small,ChlAnkjud_2642105,IV,112.8306667,451.3226668
12,I,5,Chlamydomonas,Chlamydomonas,4,small,ChlChl000_5271004,I,512.692222223333,2050.76888889333
12,I,5,Golenkinia radiata,Golenkinia,4,small,ChlGolrad_2641100,IV,1022.135417,4088.541668
12,I,5,Quadrigula,Quadrigula,4,small,ChlQua000_2641259,IV,69.4288889,277.7155556
12,I,5,Desmodesmus,Desmodesmus,4,small,ChlDes000_2652440,IV,225.120555543333,900.482222173333
12,E,6,Merismopedia,Merismopedia,74.5592592592593,small,CyaMer000_0000000,I,57.9755208278333,4322.61188809301
12,E,6,Stephanodiscus,Stephanodiscus,65.4666666666667,small,BacSte000_3193250,VI,NA,NA
12,E,6,Cryptomonas,Cryptomonas,14.5481481481481,small,CryCry000_3202413,V,1644.2243666,23920.4196740919
12,E,6,Cryptomonas,Cryptomonas,9.09259259259259,small,CryCry000_3202413,V,1644.2243666,14950.2622963074
12,E,6,Chrysochromulina,Chrysochromulina,34.5518518518519,small,PryChr000_3202213,I,4353.10583333375,150407.86784878
12,E,6,Cyclotella,Cyclotella,343.7,small,BacCyc000_3193095,VI,1359.03125,467099.040625
12,E,6,Elakatothrix gelatinosa,Elakatothrix,3.63703703703704,small,KleElagel_2641001,IV,157,571.014814814815
12,E,6,Sphaerocystis,Sphaerocystis,1.81851851851852,small,ChlSph000_2639562,I,262.068511908571,476.576442026328
12,E,6,Chlamydomonas,Chlamydomonas,20.0037037037037,small,ChlChl000_5271004,I,512.692222223333,10255.743304549
12,E,6,Rhodomonas,Rhodomonas,34.5518518518519,small,CryRho000_3202546,I,96.67765625,3340.39205613426
12,E,6,Oocystis,Oocystis,7.27407407407407,small,TreOoc000_2641454,IV,1180.14002970929,8584.42599388532
12,E,6,Ankistrodesmus,Ankistrodesmus,1.81851851851852,small,ChlAnk000_9516573,IV,40.9835416675,74.5293294768241
12,E,6,Desmodesmus,Desmodesmus,3.63703703703704,small,ChlDes000_2652440,IV,225.120555543333,818.771798309457
12,E,6,Quadrigula,Quadrigula,1.81851851851852,small,ChlQua000_2641259,IV,69.4288889,126.257720184815
12,C,16,Merismopedia,Merismopedia,70.6617647058824,small,CyaMer000_0000000,I,57.9755208278333,4096.65261143734
12,C,16,Cyclotella,Cyclotella,663.308823529412,small,BacCyc000_3193095,VI,1359.03125,901457.419577206
12,C,16,Chrysochromulina,Chrysochromulina,6.83823529411765,small,PryChr000_3202213,I,4353.10583333375,29767.5619485323
12,C,16,Elakatothrix gelatinosa,Elakatothrix,2.27941176470588,small,KleElagel_2641001,IV,157,357.867647058824
12,C,16,Chlamydomonas,Chlamydomonas,2.27941176470588,small,ChlChl000_5271004,I,512.692222223333,1168.63668300907
12,C,16,Golenkinia radiata,Golenkinia,2.27941176470588,small,ChlGolrad_2641100,IV,1022.135417,2329.86749463235
12,C,16,Ankyra judayi,Ankyra,2.27941176470588,small,ChlAnkjud_2642105,IV,112.8306667,257.187549095588
12,C,16,Chrysochromulina,Chrysochromulina,13.6764705882353,small,PryChr000_3202213,I,4353.10583333375,59535.1238970645
12,C,16,Stephanodiscus,Stephanodiscus,4.55882352941176,small,BacSte000_3193250,VI,NA,NA
12,C,16,Quadrigula,Quadrigula,4.55882352941176,small,ChlQua000_2641259,IV,69.4288889,316.514052338235
12,C,16,Sphaerocystis,Sphaerocystis,2.27941176470588,small,ChlSph000_2639562,I,262.068511908571,597.362049203361
12,C,16,Cryptomonas,Cryptomonas,2.27941176470588,small,CryCry000_3202413,V,1644.2243666,3747.86436504412
12,D,8,Stephanodiscus,Stephanodiscus,280.839506172839,small,BacSte000_3193250,VI,NA,NA
12,D,8,Merismopedia,Merismopedia,71.7037037037037,small,CyaMer000_0000000,I,57.9755208278333,4157.05956750686
12,D,8,Quadrigula,Quadrigula,11.9506172839506,small,ChlQua000_2641259,IV,69.4288889,829.718079693827
12,D,8,Chlamydomonas,Chlamydomonas,35.8518518518518,small,ChlChl000_5271004,I,512.692222223333,18380.9655967477
12,D,8,Rhodomonas,Rhodomonas,29.8765432098765,small,CryRho000_3202546,I,96.67765625,2888.39417438272
12,D,8,Cyclotella,Cyclotella,406.320987654321,small,BacCyc000_3193095,VI,1359.03125,552202.919753086
12,D,8,Chrysochromulina,Chrysochromulina,71.7037037037037,small,PryChr000_3202213,I,4353.10583333375,312133.810864227
12,D,8,Cryptomonas,Cryptomonas,35.8518518518518,small,CryCry000_3202413,V,1644.2243666,58948.4884025481
12,D,8,Oocystis,Oocystis,2.98765432098765,small,TreOoc000_2641454,IV,1180.14002970929,3525.85045913145
12,D,8,Tetraedron,Tetraedron,5.97530864197531,small,ChlTet000_2672378,IV,661.625,3953.41358024691
12,D,8,Desmodesmus,Desmodesmus,2.98765432098765,small,ChlDes000_2652440,IV,225.120555543333,672.582400512181
12,I,12,Merismopedia,Merismopedia,76.5,small,CyaMer000_0000000,I,57.9755208278333,4435.12734332925
12,I,12,Desmodesmus,Desmodesmus,21.8571428571429,small,ChlDes000_2652440,IV,225.120555543333,4920.49214259
12,I,12,Chlamydomonas,Chlamydomonas,43.7142857142857,small,ChlChl000_5271004,I,512.692222223333,22411.9742857629
12,I,12,Cyclotella,Cyclotella,1152.96428571429,small,BacCyc000_3193095,VI,1359.03125,1566914.49441964
12,I,12,Chrysochromulina,Chrysochromulina,142.071428571429,small,PryChr000_3202213,I,4353.10583333375,618451.964464345
12,I,12,Stephanodiscus,Stephanodiscus,502.714285714286,small,BacSte000_3193250,VI,NA,NA
12,I,12,Cryptomonas,Cryptomonas,54.6428571428571,small,CryCry000_3202413,V,1644.2243666,89845.1171749286
12,I,12,Rhodomonas,Rhodomonas,10.9285714285714,small,CryRho000_3202546,I,96.67765625,1056.548671875
12,I,12,Tetraedron,Tetraedron,174.857142857143,small,ChlTet000_2672378,IV,661.625,115689.857142857
12,I,12,Cosmarium,Cosmarium,5.46428571428571,small,ZygCos000_2648709,IV,12272.1666666667,67058.625
12,I,12,Elakatothrix gelatinosa,Elakatothrix,38.25,small,KleElagel_2641001,IV,157,6005.25
12,I,12,Ankyra judayi,Ankyra,5.46428571428571,small,ChlAnkjud_2642105,IV,112.8306667,616.539000182143
12,I,12,Golenkinia radiata,Golenkinia,10.9285714285714,small,ChlGolrad_2641100,IV,1022.135417,11170.4799143571
12,E,15,Merismopedia,Merismopedia,64.2549019607843,small,CyaMer000_0000000,I,57.9755208278333,3725.21140691784
12,E,15,Stephanodiscus,Stephanodiscus,97.4901960784314,small,BacSte000_3193250,VI,NA,NA
12,E,15,Cyclotella,Cyclotella,418.764705882353,small,BacCyc000_3193095,VI,1359.03125,569114.321691177
12,E,15,Chrysochromulina,Chrysochromulina,24.3725490196078,small,PryChr000_3202213,I,4353.10583333375,106096.285310468
12,E,15,Chlamydomonas,Chlamydomonas,13.2941176470588,small,ChlChl000_5271004,I,512.692222223333,6815.79071896902
12,E,15,Ankyra judayi,Ankyra,6.64705882352941,small,ChlAnkjud_2642105,IV,112.8306667,749.992078652941
12,E,15,Rhodomonas,Rhodomonas,31.0196078431372,small,CryRho000_3202546,I,96.67765625,2998.90298406863
12,E,15,Oocystis,Oocystis,22.156862745098,small,TreOoc000_2641454,IV,1180.14002970929,26148.2006582646
12,E,15,Cryptomonas,Cryptomonas,4.43137254901961,small,CryCry000_3202413,V,1644.2243666,7286.17072258039
12,E,15,Elakatothrix gelatinosa,Elakatothrix,13.2941176470588,small,KleElagel_2641001,IV,157,2087.17647058823
12,E,15,Quadrigula,Quadrigula,4.43137254901961,small,ChlQua000_2641259,IV,69.4288889,307.665272380392
12,E,15,Desmodesmus,Desmodesmus,2.2156862745098,small,ChlDes000_2652440,IV,225.120555543333,498.796525027386
12,E,15,Cryptomonas,Cryptomonas,6.64705882352941,small,CryCry000_3202413,V,1644.2243666,10929.2560838706
12,E,15,Coelastrum,Coelastrum,2.2156862745098,small,ChlCoe000_7749802,IV,586.13333335,1298.68758173627
12,E,15,Golenkinia radiata,Golenkinia,11.078431372549,small,ChlGolrad_2641100,IV,1022.135417,11323.6570706863
12,C,10,Merismopedia,Merismopedia,58.2767295597484,small,CyaMer000_0000000,I,57.9755208278333,3378.62374836921
12,C,10,Cyclotella,Cyclotella,417.88679245283,small,BacCyc000_3193095,VI,1359.03125,567921.20990566
12,C,10,Snowella,Snowella,2.84276729559748,small,CyaSno000_3217087,I,463.368055566667,1317.24755418952
12,C,10,Golenkinia radiata,Golenkinia,11.3710691823899,small,ChlGolrad_2641100,IV,1022.135417,11622.772540478
12,C,10,Chrysochromulina,Chrysochromulina,9.94968553459119,small,PryChr000_3202213,I,4353.10583333375,43312.0341404654
12,C,10,Chlamydomonas,Chlamydomonas,12.7924528301887,small,ChlChl000_5271004,I,512.692222223333,6558.5910691966
12,C,10,Stephanodiscus,Stephanodiscus,5.68553459119497,small,BacSte000_3193250,VI,NA,NA
12,C,10,Elakatothrix gelatinosa,Elakatothrix,5.68553459119497,small,KleElagel_2641001,IV,157,892.62893081761
12,C,10,Tetraedron,Tetraedron,1.42138364779874,small,ChlTet000_2672378,IV,661.625,940.422955974843
12,C,10,Rhodomonas,Rhodomonas,1.42138364779874,small,CryRho000_3202546,I,96.67765625,137.416039701258
12,C,10,Oocystis,Oocystis,1.42138364779874,small,TreOoc000_2641454,IV,1180.14002970929,1677.4317403415
36,E,6,Desmodesmus,Desmodesmus,930,small,ChlDes000_2652440,IV,225.120555543333,209362.1166553
36,E,6,Scenedesmus arcuatus,Scenedesmus,12.2368421052632,small,ChlScearc_2640846,IV,586.357619042857,7175.16560144549
36,E,6,Quadrigula,Quadrigula,61.1842105263158,small,ChlQua000_2641259,IV,69.4288889,4247.95175506579
36,E,6,Oocystis,Oocystis,44.8684210526316,small,TreOoc000_2641454,IV,1180.14002970929,52951.0197540614
36,E,6,Merismopedia,Merismopedia,77.5,small,CyaMer000_0000000,I,57.9755208278333,4493.10286415708
36,E,6,Rhodomonas,Rhodomonas,289.605263157895,small,CryRho000_3202546,I,96.67765625,27998.3580797697
36,E,6,Cryptomonas,Cryptomonas,24.4736842105263,small,CryCry000_3202413,V,1644.2243666,40240.2279194211
36,E,6,Kirchneriella,Kirchneriella,4.07894736842105,small,ChlKir000_2641223,IV,131.618333315,536.864254311184
36,E,6,Cyclotella,Cyclotella,106.052631578947,small,BacCyc000_3193095,VI,1359.03125,144128.840460526
36,E,6,Eudorina,Eudorina,8.15789473684211,small,ChlEud000_0000000,VII,678.5226,5535.31594736842
36,E,6,Ankyra judayi,Ankyra,12.2368421052632,small,ChlAnkjud_2642105,IV,112.8306667,1380.69105303947
36,E,6,Ankistrodesmus,Ankistrodesmus,4.07894736842105,small,ChlAnk000_9516573,IV,40.9835416675,167.169709433224
36,E,6,Chrysochromulina,Chrysochromulina,24.4736842105263,small,PryChr000_3202213,I,4353.10583333375,106536.53750001
36,E,6,Cryptomonas,Cryptomonas,8.15789473684211,small,CryCry000_3202413,V,1644.2243666,13413.4093064737
36,E,6,Stauridium,Stauridium,12.2368421052632,small,ChlSta000_4339881,IV,NA,NA
36,E,6,Elakatothrix gelatinosa,Elakatothrix,126.447368421053,small,KleElagel_2641001,IV,157,19852.2368421053
36,E,6,Snowella,Snowella,57.1052631578947,small,CyaSno000_3217087,I,463.368055566667,26460.7547520965
36,E,6,Golenkinia radiata,Golenkinia,4.07894736842105,small,ChlGolrad_2641100,IV,1022.135417,4169.23656934211
36,E,6,Chlamydomonas,Chlamydomonas,8.15789473684211,small,ChlChl000_5271004,I,512.692222223333,4182.48918129561
36,E,6,Sphaerocystis,Sphaerocystis,12.2368421052632,small,ChlSph000_2639562,I,262.068511908571,3206.89100098647
36,E,6,Coelastrum,Coelastrum,12.2368421052632,small,ChlCoe000_7749802,IV,586.13333335,7172.42105283553
36,E,6,Tetraedron,Tetraedron,4.07894736842105,small,ChlTet000_2672378,IV,661.625,2698.73355263158
36,C,7,Merismopedia,Merismopedia,72.3648648648649,small,CyaMer000_0000000,I,57.9755208278333,4195.39073017632
36,C,7,Chrysochromulina,Chrysochromulina,12.4054054054054,small,PryChr000_3202213,I,4353.10583333375,54002.0426351403
36,C,7,Rhodomonas,Rhodomonas,169.540540540541,small,CryRho000_3202546,I,96.67765625,16390.7820988176
36,C,7,Cyclotella,Cyclotella,231.567567567568,small,BacCyc000_3193095,VI,1359.03125,314707.560810811
36,C,7,Quadrigula,Quadrigula,18.6081081081081,small,ChlQua000_2641259,IV,69.4288889,1291.94027047703
36,C,7,Oocystis,Oocystis,31.0135135135135,small,TreOoc000_2641454,IV,1180.14002970929,36600.2887592272
36,C,7,Sphaerocystis,Sphaerocystis,12.4054054054054,small,ChlSph000_2639562,I,262.068511908571,3251.06613421714
36,C,7,Gloeocapsa,Gloeocapsa,2.06756756756757,small,CyaGlo000_3217637,VII,NA,NA
36,C,7,Desmodesmus,Desmodesmus,8.27027027027027,small,ChlDes000_2652440,IV,225.120555543333,1861.80783773676
36,C,7,Elakatothrix gelatinosa,Elakatothrix,16.5405405405405,small,KleElagel_2641001,IV,157,2596.86486486487
36,C,7,Chlamydomonas,Chlamydomonas,14.472972972973,small,ChlChl000_5271004,I,512.692222223333,7420.18067569176
36,C,7,Sphaerocystis,Sphaerocystis,8.27027027027027,small,ChlSph000_2639562,I,262.068511908571,2167.37742281143
36,C,7,Cryptomonas,Cryptomonas,18.6081081081081,small,CryCry000_3202413,V,1644.2243666,30595.9047676784
36,C,7,Snowella,Snowella,6.2027027027027,small,CyaSno000_3217087,I,463.368055566667,2874.13429060946
36,C,7,Cryptomonas,Cryptomonas,2.06756756756757,small,CryCry000_3202413,V,1644.2243666,3399.54497418649
36,C,7,Scenedesmus arcuatus,Scenedesmus,2.06756756756757,small,ChlScearc_2640846,IV,586.357619042857,1212.33399612915
36,C,7,Ankyra judayi,Ankyra,2.06756756756757,small,ChlAnkjud_2642105,IV,112.8306667,233.285027095946
36,E,4,Desmodesmus,Desmodesmus,1139.94444444444,small,ChlDes000_2652440,IV,225.120555543333,256624.92662187
36,E,4,Elakatothrix gelatinosa,Elakatothrix,51.2777777777778,small,KleElagel_2641001,IV,157,8050.61111111111
36,E,4,Oocystis,Oocystis,23.6666666666667,small,TreOoc000_2641454,IV,1180.14002970929,27929.9807031198
36,E,4,Snowella,Snowella,47.3333333333333,small,CyaSno000_3217087,I,463.368055566667,21932.7546301556
36,E,4,Merismopedia,Merismopedia,35.5,small,CyaMer000_0000000,I,57.9755208278333,2058.13098938808
36,E,4,Rhodomonas,Rhodomonas,149.888888888889,small,CryRho000_3202546,I,96.67765625,14490.9064756944
36,E,4,Cyclotella,Cyclotella,130.166666666667,small,BacCyc000_3193095,VI,1359.03125,176900.567708333
36,E,4,Cryptomonas,Cryptomonas,15.7777777777778,small,CryCry000_3202413,V,1644.2243666,25942.2066730222
36,E,4,Tetraedron,Tetraedron,3.94444444444444,small,ChlTet000_2672378,IV,661.625,2609.74305555556
36,E,4,Chlamydomonas,Chlamydomonas,11.8333333333333,small,ChlChl000_5271004,I,512.692222223333,6066.85796297611
36,E,4,Ankyra judayi,Ankyra,15.7777777777778,small,ChlAnkjud_2642105,IV,112.8306667,1780.21718571111
36,E,4,Quadrigula,Quadrigula,15.7777777777778,small,ChlQua000_2641259,IV,69.4288889,1095.43358042222
36,E,4,Chrysochromulina,Chrysochromulina,15.7777777777778,small,PryChr000_3202213,I,4353.10583333375,68682.336481488
36,E,4,Coelastrum,Coelastrum,3.94444444444444,small,ChlCoe000_7749802,IV,586.13333335,2311.97037043611
36,E,4,Sphaerocystis,Sphaerocystis,11.8333333333333,small,ChlSph000_2639562,I,262.068511908571,3101.14405758476
36,D,13,Merismopedia,Merismopedia,80.6666666666667,small,CyaMer000_0000000,I,57.9755208278333,4676.69201344522
36,D,13,Desmodesmus,Desmodesmus,313.945945945946,small,ChlDes000_2652440,IV,225.120555543333,70675.6857619287
36,D,13,Elakatothrix gelatinosa,Elakatothrix,47.963963963964,small,KleElagel_2641001,IV,157,7530.34234234234
36,D,13,Rhodomonas,Rhodomonas,74.1261261261261,small,CryRho000_3202546,I,96.67765625,7166.34014076577
36,D,13,Cyclotella,Cyclotella,82.8468468468468,small,BacCyc000_3193095,VI,1359.03125,112591.453828829
36,D,13,Quadrigula,Quadrigula,10.9009009009009,small,ChlQua000_2641259,IV,69.4288889,756.837437558559
36,D,13,Chrysochromulina,Chrysochromulina,34.8828828828829,small,PryChr000_3202213,I,4353.10583333375,151848.880960975
36,D,13,Oocystis,Oocystis,30.5225225225225,small,TreOoc000_2641454,IV,1180.14002970929,36020.8506365321
36,D,13,Chlamydomonas,Chlamydomonas,21.8018018018018,small,ChlChl000_5271004,I,512.692222223333,11177.6142142384
36,D,13,Koliella,Koliella,2.18018018018018,small,TreKollon_2638730,IV,129.794342216667,282.9750524003
36,D,13,Snowella,Snowella,23.981981981982,small,CyaSno000_3217087,I,463.368055566667,11112.4843596258
36,D,13,Sphaerocystis,Sphaerocystis,10.9009009009009,small,ChlSph000_2639562,I,262.068511908571,2856.78287756191
36,D,13,Cosmarium,Cosmarium,4.36036036036036,small,ZygCos000_2648709,IV,12272.1666666667,53511.0690690691
36,D,13,Tetraedron,Tetraedron,4.36036036036036,small,ChlTet000_2672378,IV,661.625,2884.92342342342
36,D,13,Cryptomonas,Cryptomonas,6.54054054054054,small,CryCry000_3202413,V,1644.2243666,10754.1161274919
36,D,13,Ankistrodesmus,Ankistrodesmus,2.18018018018018,small,ChlAnk000_9516573,IV,40.9835416675,89.3515052570721
36,D,13,Cryptomonas,Cryptomonas,6.54054054054054,small,CryCry000_3202413,V,1644.2243666,10754.1161274919
36,I,14,Merismopedia,Merismopedia,75.3333333333333,small,CyaMer000_0000000,I,57.9755208278333,4367.48923569678
36,I,14,Desmodesmus,Desmodesmus,2373,small,ChlDes000_2652440,IV,225.120555543333,534211.07830433
36,I,14,Elakatothrix gelatinosa,Elakatothrix,1261.83333333333,small,KleElagel_2641001,IV,157,198107.833333333
36,I,14,Oocystis,Oocystis,235.416666666667,small,TreOoc000_2641454,IV,1180.14002970929,277824.631994061
36,I,14,Rhodomonas,Rhodomonas,103.583333333333,small,CryRho000_3202546,I,96.67765625,10014.1938932292
36,I,14,Cosmarium,Cosmarium,65.9166666666667,small,ZygCos000_2648709,IV,12272.1666666667,808940.319444444
36,I,14,Cyclotella,Cyclotella,56.5,small,BacCyc000_3193095,VI,1359.03125,76785.265625
36,I,14,Chlamydomonas,Chlamydomonas,65.9166666666667,small,ChlChl000_5271004,I,512.692222223333,33794.9623148881
36,I,14,Chrysochromulina,Chrysochromulina,65.9166666666667,small,PryChr000_3202213,I,4353.10583333375,286942.226180583
36,I,14,Snowella,Snowella,56.5,small,CyaSno000_3217087,I,463.368055566667,26180.2951395167
36,I,14,Coelastrum,Coelastrum,18.8333333333333,small,ChlCoe000_7749802,IV,586.13333335,11038.8444447583
36,I,14,Tetraedron,Tetraedron,9.41666666666666,small,ChlTet000_2672378,IV,661.625,6230.30208333333
36,I,14,Sphaerocystis,Sphaerocystis,18.8333333333333,small,ChlSph000_2639562,I,262.068511908571,4935.62364094476
36,E,9,Merismopedia,Merismopedia,84,small,CyaMer000_0000000,I,57.9755208278333,4869.943749538
36,E,9,Desmodesmus,Desmodesmus,1047.78947368421,small,ChlDes000_2652440,IV,225.120555543333,235878.948408246
36,E,9,Elakatothrix gelatinosa,Elakatothrix,79.5789473684211,small,KleElagel_2641001,IV,157,12493.8947368421
36,E,9,Rhodomonas,Rhodomonas,305.052631578947,small,CryRho000_3202546,I,96.67765625,29491.7734539474
36,E,9,Oocystis,Oocystis,22.1052631578947,small,TreOoc000_2641454,IV,1180.14002970929,26087.3059198895
36,E,9,Sphaerocystis,Sphaerocystis,8.8421052631579,small,ChlSph000_2639562,I,262.068511908571,2317.23736845474
36,E,9,Ankyra judayi,Ankyra,8.8421052631579,small,ChlAnkjud_2642105,IV,112.8306667,997.660631873684
36,E,9,Quadrigula,Quadrigula,4.42105263157895,small,ChlQua000_2641259,IV,69.4288889,306.948771978947
36,E,9,Chrysochromulina,Chrysochromulina,75.1578947368421,small,PryChr000_3202213,I,4353.10583333375,327170.270000031
36,E,9,Cryptomonas,Cryptomonas,13.2631578947368,small,CryCry000_3202413,V,1644.2243666,21807.6073885895
36,E,9,Snowella,Snowella,70.7368421052632,small,CyaSno000_3217087,I,463.368055566667,32777.1929832421
36,E,9,Cyclotella,Cyclotella,101.684210526316,small,BacCyc000_3193095,VI,1359.03125,138192.019736842
36,E,9,Chlamydomonas,Chlamydomonas,22.1052631578947,small,ChlChl000_5271004,I,512.692222223333,11333.1964912526
36,E,9,Kirchneriella,Kirchneriella,8.8421052631579,small,ChlKir000_2641223,IV,131.618333315,1163.78315773263
36,E,9,Golenkinia radiata,Golenkinia,4.42105263157895,small,ChlGolrad_2641100,IV,1022.135417,4518.9144751579
36,E,9,Tetraedron,Tetraedron,4.42105263157895,small,ChlTet000_2672378,IV,661.625,2925.07894736842
36,C,10,Merismopedia,Merismopedia,76.5,small,CyaMer000_0000000,I,57.9755208278333,4435.12734332925
36,C,10,Cosmarium,Cosmarium,7.40322580645161,small,ZygCos000_2648709,IV,12272.1666666667,90853.6209677419
36,C,10,Desmodesmus,Desmodesmus,22.2096774193548,small,ChlDes000_2652440,IV,225.120555543333,4999.85491908339
36,C,10,Elakatothrix gelatinosa,Elakatothrix,172.741935483871,small,KleElagel_2641001,IV,157,27120.4838709677
36,C,10,Rhodomonas,Rhodomonas,148.064516129032,small,CryRho000_3202546,I,96.67765625,14314.5303931452
36,C,10,Cyclotella,Cyclotella,266.516129032258,small,BacCyc000_3193095,VI,1359.03125,362203.747983871
36,C,10,Quadrigula,Quadrigula,17.2741935483871,small,ChlQua000_2641259,IV,69.4288889,1199.32806470806
36,C,10,Kirchneriella,Kirchneriella,7.40322580645161,small,ChlKir000_2641223,IV,131.618333315,974.400241799758
36,C,10,Chrysochromulina,Chrysochromulina,39.4838709677419,small,PryChr000_3202213,I,4353.10583333375,171877.469032275
36,C,10,Chlamydomonas,Chlamydomonas,41.9516129032258,small,ChlChl000_5271004,I,512.692222223333,21508.2656452079
36,C,10,Snowella,Snowella,12.3387096774194,small,CyaSno000_3217087,I,463.368055566667,5717.36391142742
36,C,10,Golenkinia radiata,Golenkinia,17.2741935483871,small,ChlGolrad_2641100,IV,1022.135417,17656.5650259193
36,C,10,Sphaerocystis,Sphaerocystis,27.1451612903226,small,ChlSph000_2639562,I,262.068511908571,7113.89202487299
36,C,10,Cryptomonas,Cryptomonas,2.46774193548387,small,CryCry000_3202413,V,1644.2243666,4057.52142080323
36,C,10,Tetraedron,Tetraedron,4.93548387096774,small,ChlTet000_2672378,IV,661.625,3265.43951612903
36,C,10,Gloeocapsa,Gloeocapsa,2.46774193548387,small,CyaGlo000_3217637,VII,NA,NA
36,C,10,Ankyra judayi,Ankyra,2.46774193548387,small,ChlAnkjud_2642105,IV,112.8306667,278.436967824194
36,C,10,Oocystis,Oocystis,2.46774193548387,small,TreOoc000_2641454,IV,1180.14002970929,2912.28104105679
36,D,13,Merismopedia,Merismopedia,77.5,small,CyaMer000_0000000,I,57.9755208278333,4493.10286415708
36,D,13,Desmodesmus,Desmodesmus,1180.38461538462,small,ChlDes000_2652440,IV,225.120555543333,265728.840370188
36,D,13,Elakatothrix gelatinosa,Elakatothrix,411.346153846154,small,KleElagel_2641001,IV,157,64581.3461538462
36,D,13,Chrysochromulina,Chrysochromulina,119.230769230769,small,PryChr000_3202213,I,4353.10583333375,519024.157051332
36,D,13,Rhodomonas,Rhodomonas,286.153846153846,small,CryRho000_3202546,I,96.67765625,27664.6831730769
36,D,13,Cyclotella,Cyclotella,256.346153846154,small,BacCyc000_3193095,VI,1359.03125,348382.433894231
36,D,13,Snowella,Snowella,95.3846153846154,small,CyaSno000_3217087,I,463.368055566667,44198.1837617436
36,D,13,Golenkinia radiata,Golenkinia,17.8846153846154,small,ChlGolrad_2641100,IV,1022.135417,18280.4988040385
36,D,13,Oocystis,Oocystis,196.730769230769,small,TreOoc000_2641454,IV,1180.14002970929,232169.855844731
36,D,13,Cryptomonas,Cryptomonas,47.6923076923077,small,CryCry000_3202413,V,1644.2243666,78416.8544070769
36,D,13,Tetraedron,Tetraedron,17.8846153846154,small,ChlTet000_2672378,IV,661.625,11832.9086538462
36,D,13,Chlamydomonas,Chlamydomonas,11.9230769230769,small,ChlChl000_5271004,I,512.692222223333,6112.86880343205
36,D,13,Cryptomonas,Cryptomonas,11.9230769230769,small,CryCry000_3202413,V,1644.2243666,19604.2136017692
36,D,13,Gloeocapsa,Gloeocapsa,5.96153846153846,small,CyaGlo000_3217637,VII,NA,NA
36,D,13,Cosmarium,Cosmarium,11.9230769230769,small,ZygCos000_2648709,IV,12272.1666666667,146321.987179487
36,E,15,Merismopedia,Merismopedia,76.5,small,CyaMer000_0000000,I,57.9755208278333,4435.12734332925
36,E,15,Desmodesmus,Desmodesmus,1071,small,ChlDes000_2652440,IV,225.120555543333,241104.11498691
36,E,15,Golenkinia radiata,Golenkinia,7.65,small,ChlGolrad_2641100,IV,1022.135417,7819.33594005
36,E,15,Rhodomonas,Rhodomonas,244.8,small,CryRho000_3202546,I,96.67765625,23666.69025
36,E,15,Chlamydomonas,Chlamydomonas,11.475,small,ChlChl000_5271004,I,512.692222223333,5883.14325001275
36,E,15,Cyclotella,Cyclotella,153,small,BacCyc000_3193095,VI,1359.03125,207931.78125
36,E,15,Tetraedron,Tetraedron,3.825,small,ChlTet000_2672378,IV,661.625,2530.715625
36,E,15,Coelastrum,Coelastrum,11.475,small,ChlCoe000_7749802,IV,586.13333335,6725.88000019125
36,E,15,Sphaerocystis,Sphaerocystis,34.425,small,ChlSph000_2639562,I,262.068511908571,9021.70852245257
36,E,15,Quadrigula,Quadrigula,3.825,small,ChlQua000_2641259,IV,69.4288889,265.5655000425
36,E,15,Chrysochromulina,Chrysochromulina,34.425,small,PryChr000_3202213,I,4353.10583333375,149855.668312514
36,E,15,Cryptomonas,Cryptomonas,19.125,small,CryCry000_3202413,V,1644.2243666,31445.791011225
36,E,15,Snowella,Snowella,45.9,small,CyaSno000_3217087,I,463.368055566667,21268.59375051
36,E,15,Cosmarium,Cosmarium,3.825,small,ZygCos000_2648709,IV,12272.1666666667,46941.0375
36,E,15,Oocystis,Oocystis,34.425,small,TreOoc000_2641454,IV,1180.14002970929,40626.3205227422
36,E,15,Sphaerocystis,Sphaerocystis,7.65,small,ChlSph000_2639562,I,262.068511908571,2004.82411610057
36,E,15,Elakatothrix gelatinosa,Elakatothrix,68.85,small,KleElagel_2641001,IV,157,10809.45
36,E,15,Scenedesmus arcuatus,Scenedesmus,7.65,small,ChlScearc_2640846,IV,586.357619042857,4485.63578567786
36,I,5,Merismopedia,Merismopedia,82.8333333333333,small,CyaMer000_0000000,I,57.9755208278333,4802.30564190553
36,I,5,Desmodesmus,Desmodesmus,759.305555555555,small,ChlDes000_2652440,IV,225.120555543333,170935.288493806
36,I,5,Elakatothrix gelatinosa,Elakatothrix,1774.01388888889,small,KleElagel_2641001,IV,157,278520.180555556
36,I,5,Oocystis,Oocystis,20.7083333333333,small,TreOoc000_2641454,IV,1180.14002970929,24438.7331152298
36,I,5,Chrysochromulina,Chrysochromulina,55.2222222222222,small,PryChr000_3202213,I,4353.10583333375,240388.177685208
36,I,5,Snowella,Snowella,96.6388888888889,small,CyaSno000_3217087,I,463.368055566667,44779.3740365676
36,I,5,Cyclotella,Cyclotella,213.986111111111,small,BacCyc000_3193095,VI,1359.03125,290813.812065972
36,I,5,Cryptomonas,Cryptomonas,13.8055555555556,small,CryCry000_3202413,V,1644.2243666,22699.4308388944
36,I,5,Sphaerocystis,Sphaerocystis,41.4166666666667,small,ChlSph000_2639562,I,262.068511908571,10854.0042015467
36,I,5,Chlamydomonas,Chlamydomonas,13.8055555555556,small,ChlChl000_5271004,I,512.692222223333,7078.00095680546
36,I,5,Rhodomonas,Rhodomonas,110.444444444444,small,CryRho000_3202546,I,96.67765625,10677.5100347222
36,I,5,Golenkinia radiata,Golenkinia,27.6111111111111,small,ChlGolrad_2641100,IV,1022.135417,28222.2945693889
36,I,5,Cosmarium,Cosmarium,6.90277777777778,small,ZygCos000_2648709,IV,12272.1666666667,84712.0393518518
36,I,5,Tetraedron,Tetraedron,6.90277777777778,small,ChlTet000_2672378,IV,661.625,4567.05034722222
36,I,5,Coelastrum,Coelastrum,6.90277777777778,small,ChlCoe000_7749802,IV,586.13333335,4045.94814826319
36,I,5,Ankyra judayi,Ankyra,6.90277777777778,small,ChlAnkjud_2642105,IV,112.8306667,778.845018748611
36,I,5,Ankistrodesmus,Ankistrodesmus,6.90277777777778,small,ChlAnk000_9516573,IV,40.9835416675,282.900280677049
36,I,5,Cryptomonas,Cryptomonas,6.90277777777778,small,CryCry000_3202413,V,1644.2243666,11349.7154194472
36,C,1,Merismopedia,Merismopedia,76.5,small,CyaMer000_0000000,I,57.9755208278333,4435.12734332925
36,C,1,Gloeocapsa,Gloeocapsa,6.375,small,CyaGlo000_3217637,VII,NA,NA
36,C,1,Rhodomonas,Rhodomonas,129.625,small,CryRho000_3202546,I,96.67765625,12531.8411914062
36,C,1,Cyclotella,Cyclotella,380.375,small,BacCyc000_3193095,VI,1359.03125,516941.51171875
36,C,1,Cosmarium,Cosmarium,2.125,small,ZygCos000_2648709,IV,12272.1666666667,26078.3541666667
36,C,1,Quadrigula,Quadrigula,17,small,ChlQua000_2641259,IV,69.4288889,1180.2911113
36,C,1,Cryptomonas,Cryptomonas,17,small,CryCry000_3202413,V,1644.2243666,27951.8142322
36,C,1,Ankyra judayi,Ankyra,2.125,small,ChlAnkjud_2642105,IV,112.8306667,239.7651667375
36,C,1,Chlamydomonas,Chlamydomonas,8.5,small,ChlChl000_5271004,I,512.692222223333,4357.88388889833
36,C,1,Scenedesmus arcuatus,Scenedesmus,2.125,small,ChlScearc_2640846,IV,586.357619042857,1246.00994046607
36,C,1,Elakatothrix gelatinosa,Elakatothrix,14.875,small,KleElagel_2641001,IV,157,2335.375
36,C,1,Sphaerocystis,Sphaerocystis,8.5,small,ChlSph000_2639562,I,262.068511908571,2227.58235122286
36,C,1,Oocystis,Oocystis,8.5,small,TreOoc000_2641454,IV,1180.14002970929,10031.1902525289
36,C,1,Sphaerocystis,Sphaerocystis,2.125,small,ChlSph000_2639562,I,262.068511908571,556.895587805714
36,C,1,Cryptomonas,Cryptomonas,4.25,small,CryCry000_3202413,V,1644.2243666,6987.95355805
36,C,1,Snowella,Snowella,10.625,small,CyaSno000_3217087,I,463.368055566667,4923.28559039583
36,C,1,Desmodesmus,Desmodesmus,6.375,small,ChlDes000_2652440,IV,225.120555543333,1435.14354158875
36,C,1,Tetraedron,Tetraedron,4.25,small,ChlTet000_2672378,IV,661.625,2811.90625
36,D,11,Merismopedia,Merismopedia,84,small,CyaMer000_0000000,I,57.9755208278333,4869.943749538
36,D,11,Snowella,Snowella,84,small,CyaSno000_3217087,I,463.368055566667,38922.9166676
36,D,11,Desmodesmus,Desmodesmus,710.181818181818,small,ChlDes000_2652440,IV,225.120555543333,159876.525445865
36,D,11,Elakatothrix gelatinosa,Elakatothrix,1580.72727272727,small,KleElagel_2641001,IV,157,248174.181818182
36,D,11,Koliella,Koliella,99.2727272727273,small,TreKollon_2638730,IV,129.794342216667,12885.0383364182
36,D,11,Golenkinia radiata,Golenkinia,45.8181818181818,small,ChlGolrad_2641100,IV,1022.135417,46832.3863789091
36,D,11,Oocystis,Oocystis,129.818181818182,small,TreOoc000_2641454,IV,1180.14002970929,153203.632947715
36,D,11,Rhodomonas,Rhodomonas,61.0909090909091,small,CryRho000_3202546,I,96.67765625,5906.12590909091
36,D,11,Cyclotella,Cyclotella,106.909090909091,small,BacCyc000_3193095,VI,1359.03125,145292.795454545
36,D,11,Chrysochromulina,Chrysochromulina,61.0909090909091,small,PryChr000_3202213,I,4353.10583333375,265935.192727298
36,D,11,Sphaerocystis,Sphaerocystis,22.9090909090909,small,ChlSph000_2639562,I,262.068511908571,6003.75136372364
36,D,11,Cryptomonas,Cryptomonas,22.9090909090909,small,CryCry000_3202413,V,1644.2243666,37667.6854893818
36,D,11,Coelastrum,Coelastrum,7.63636363636364,small,ChlCoe000_7749802,IV,586.13333335,4475.92727285455
36,D,8,Merismopedia,Merismopedia,80.6666666666667,small,CyaMer000_0000000,I,57.9755208278333,4676.69201344522
36,D,8,Elakatothrix gelatinosa,Elakatothrix,477.794871794872,small,KleElagel_2641001,IV,157,75013.7948717949
36,D,8,Chrysochromulina,Chrysochromulina,12.4102564102564,small,PryChr000_3202213,I,4353.10583333375,54023.1595726547
36,D,8,Cyclotella,Cyclotella,108.589743589744,small,BacCyc000_3193095,VI,1359.03125,147576.854967949
36,D,8,Oocystis,Oocystis,31.025641025641,small,TreOoc000_2641454,IV,1180.14002970929,36614.6009217496
36,D,8,Koliella,Koliella,27.9230769230769,small,TreKollon_2638730,IV,129.794342216667,3624.25740189615
36,D,8,Desmodesmus,Desmodesmus,68.2564102564102,small,ChlDes000_2652440,IV,225.120555543333,15365.9209963168
36,D,8,Snowella,Snowella,24.8205128205128,small,CyaSno000_3217087,I,463.368055566667,11501.0327638085
36,D,8,Sphaerocystis,Sphaerocystis,9.30769230769231,small,ChlSph000_2639562,I,262.068511908571,2439.25307237978
36,D,8,Scenedesmus arcuatus,Scenedesmus,3.1025641025641,small,ChlScearc_2640846,IV,586.357619042857,1819.21210010733
36,D,8,Cryptomonas,Cryptomonas,34.1282051282051,small,CryCry000_3202413,V,1644.2243666,56114.4264601179
36,D,8,Rhodomonas,Rhodomonas,21.7179487179487,small,CryRho000_3202546,I,96.67765625,2099.64038060897
36,D,8,Cosmarium,Cosmarium,3.1025641025641,small,ZygCos000_2648709,IV,12272.1666666667,38075.1837606838
36,D,8,Ankyra judayi,Ankyra,3.1025641025641,small,ChlAnkjud_2642105,IV,112.8306667,350.064376171795
36,I,12,Merismopedia,Merismopedia,75.3333333333333,small,CyaMer000_0000000,I,57.9755208278333,4367.48923569678
36,I,12,Desmodesmus,Desmodesmus,1146.14285714286,small,ChlDes000_2652440,IV,225.120555543333,258020.316732023
36,I,12,Elakatothrix gelatinosa,Elakatothrix,252.904761904762,small,KleElagel_2641001,IV,157,39706.0476190476
36,I,12,Rhodomonas,Rhodomonas,139.904761904762,small,CryRho000_3202546,I,96.67765625,13525.6644791667
36,I,12,Cyclotella,Cyclotella,193.714285714286,small,BacCyc000_3193095,VI,1359.03125,263263.767857143
36,I,12,Chrysochromulina,Chrysochromulina,113,small,PryChr000_3202213,I,4353.10583333375,491900.959166714
36,I,12,Golenkinia radiata,Golenkinia,5.38095238095238,small,ChlGolrad_2641100,IV,1022.135417,5500.0620057619
36,I,12,Sphaerocystis,Sphaerocystis,32.2857142857143,small,ChlSph000_2639562,I,262.068511908571,8461.06909876245
36,I,12,Snowella,Snowella,43.047619047619,small,CyaSno000_3217087,I,463.368055566667,19946.8915348698
36,I,12,Coelastrum,Coelastrum,16.1428571428571,small,ChlCoe000_7749802,IV,586.13333335,9461.86666693572
36,I,12,Cryptomonas,Cryptomonas,43.047619047619,small,CryCry000_3202413,V,1644.2243666,70779.9441622095
36,I,12,Oocystis,Oocystis,37.6666666666667,small,TreOoc000_2641454,IV,1180.14002970929,44451.9411190497
36,I,12,Tetraedron,Tetraedron,10.7619047619048,small,ChlTet000_2672378,IV,661.625,7120.34523809524
36,I,12,Kirchneriella,Kirchneriella,21.5238095238095,small,ChlKir000_2641223,IV,131.618333315,2832.92793611333
36,I,12,Sphaerocystis,Sphaerocystis,5.38095238095238,small,ChlSph000_2639562,I,262.068511908571,1410.17818312707
36,I,12,Koliella,Koliella,10.7619047619048,small,TreKollon_2638730,IV,129.794342216667,1396.83434956984
36,I,12,Scenedesmus arcuatus,Scenedesmus,5.38095238095238,small,ChlScearc_2640846,IV,586.357619042857,3155.16242627823
36,I,12,Ankistrodesmus,Ankistrodesmus,5.38095238095238,small,ChlAnk000_9516573,IV,40.9835416675,220.530486115595
36,I,12,Cryptomonas,Cryptomonas,5.38095238095238,small,CryCry000_3202413,V,1644.2243666,8847.49302027619
36,D,2,Merismopedia,Merismopedia,81.8333333333333,small,CyaMer000_0000000,I,57.9755208278333,4744.3301210777
36,D,2,Desmodesmus,Desmodesmus,2151.04761904762,small,ChlDes000_2652440,IV,225.120555543333,484245.035000164
36,D,2,Oocystis,Oocystis,432.547619047619,small,TreOoc000_2641454,IV,1180.14002970929,510466.759993538
36,D,2,Elakatothrix gelatinosa,Elakatothrix,923.547619047619,small,KleElagel_2641001,IV,157,144996.976190476
36,D,2,Snowella,Snowella,339.02380952381,small,CyaSno000_3217087,I,463.368055566667,157092.803409852
36,D,2,Gloeocapsa,Gloeocapsa,11.6904761904762,small,CyaGlo000_3217637,VII,NA,NA
36,D,2,Sphaerocystis,Sphaerocystis,70.1428571428571,small,ChlSph000_2639562,I,262.068511908571,18382.2341924441
36,D,2,Tetraedron,Tetraedron,23.3809523809524,small,ChlTet000_2672378,IV,661.625,15469.4226190476
36,D,2,Cyclotella,Cyclotella,420.857142857143,small,BacCyc000_3193095,VI,1359.03125,571958.008928571
36,D,2,Koliella,Koliella,11.6904761904762,small,TreKollon_2638730,IV,129.794342216667,1517.35766734246
36,D,2,Ankyra judayi,Ankyra,11.6904761904762,small,ChlAnkjud_2642105,IV,112.8306667,1319.0442226119
36,D,2,Rhodomonas,Rhodomonas,46.7619047619048,small,CryRho000_3202546,I,96.67765625,4520.83135416667
36,D,2,Chlamydomonas,Chlamydomonas,23.3809523809524,small,ChlChl000_5271004,I,512.692222223333,11987.2324338884
36,D,2,Coelastrum,Coelastrum,11.6904761904762,small,ChlCoe000_7749802,IV,586.13333335,6852.17777797262
36,C,16,Merismopedia,Merismopedia,76.5,small,CyaMer000_0000000,I,57.9755208278333,4435.12734332925
36,C,16,Desmodesmus,Desmodesmus,43.9875,small,ChlDes000_2652440,IV,225.120555543333,9902.49043696237
36,C,16,Cyclotella,Cyclotella,290.7,small,BacCyc000_3193095,VI,1359.03125,395070.384375
36,C,16,Rhodomonas,Rhodomonas,128.1375,small,CryRho000_3202546,I,96.67765625,12388.0331777344
36,C,16,Chlamydomonas,Chlamydomonas,15.3,small,ChlChl000_5271004,I,512.692222223333,7844.191000017
36,C,16,Chrysochromulina,Chrysochromulina,47.8125,small,PryChr000_3202213,I,4353.10583333375,208132.87265627
36,C,16,Tetraedron,Tetraedron,3.825,small,ChlTet000_2672378,IV,661.625,2530.715625
36,C,16,Golenkinia radiata,Golenkinia,3.825,small,ChlGolrad_2641100,IV,1022.135417,3909.667970025
36,C,16,Elakatothrix gelatinosa,Elakatothrix,32.5125,small,KleElagel_2641001,IV,157,5104.4625
36,C,16,Oocystis,Oocystis,11.475,small,TreOoc000_2641454,IV,1180.14002970929,13542.1068409141
36,C,16,Ankyra judayi,Ankyra,3.825,small,ChlAnkjud_2642105,IV,112.8306667,431.5773001275
36,C,16,Quadrigula,Quadrigula,17.2125,small,ChlQua000_2641259,IV,69.4288889,1195.04475019125
36,C,16,Koliella,Koliella,1.9125,small,TreKollon_2638730,IV,129.794342216667,248.231679489375
36,C,16,Cryptomonas,Cryptomonas,21.0375,small,CryCry000_3202413,V,1644.2243666,34590.3701123475
36,I,3,Merismopedia,Merismopedia,77.5,small,CyaMer000_0000000,I,57.9755208278333,4493.10286415708
36,I,3,Desmodesmus,Desmodesmus,2281.94444444444,small,ChlDes000_2652440,IV,225.120555543333,513712.601052356
36,I,3,Elakatothrix gelatinosa,Elakatothrix,499.444444444444,small,KleElagel_2641001,IV,157,78412.7777777778
36,I,3,Coelastrum,Coelastrum,43.0555555555556,small,ChlCoe000_7749802,IV,586.13333335,25236.2962970139
36,I,3,Snowella,Snowella,215.277777777778,small,CyaSno000_3217087,I,463.368055566667,99752.8452956018
36,I,3,Chlamydomonas,Chlamydomonas,8.61111111111111,small,ChlChl000_5271004,I,512.692222223333,4414.84969136759
36,I,3,Oocystis,Oocystis,129.166666666667,small,TreOoc000_2641454,IV,1180.14002970929,152434.753837449
36,I,3,Sphaerocystis,Sphaerocystis,51.6666666666667,small,ChlSph000_2639562,I,262.068511908571,13540.2064486095
36,I,3,Ankyra judayi,Ankyra,34.4444444444444,small,ChlAnkjud_2642105,IV,112.8306667,3886.38963077778
36,I,3,Chrysochromulina,Chrysochromulina,34.4444444444444,small,PryChr000_3202213,I,4353.10583333375,149940.312037051
36,I,3,Cyclotella,Cyclotella,51.6666666666667,small,BacCyc000_3193095,VI,1359.03125,70216.6145833333
36,I,3,Scenedesmus arcuatus,Scenedesmus,17.2222222222222,small,ChlScearc_2640846,IV,586.357619042857,10098.3812168492
36,I,3,Rhodomonas,Rhodomonas,25.8333333333333,small,CryRho000_3202546,I,96.67765625,2497.50611979167
36,I,3,Tetraedron,Tetraedron,8.61111111111111,small,ChlTet000_2672378,IV,661.625,5697.32638888889
36,I,3,Cryptomonas,Cryptomonas,8.61111111111111,small,CryCry000_3202413,V,1644.2243666,14158.5987123889
36,I,3,Golenkinia radiata,Golenkinia,8.61111111111111,small,ChlGolrad_2641100,IV,1022.135417,8801.72164638889
